[{"model": "auth.permission", "pk": 1, "fields": {"name": "Can add log entry", "content_type": 1, "codename": "add_logentry"}}, {"model": "auth.permission", "pk": 2, "fields": {"name": "Can change log entry", "content_type": 1, "codename": "change_logentry"}}, {"model": "auth.permission", "pk": 3, "fields": {"name": "Can delete log entry", "content_type": 1, "codename": "delete_logentry"}}, {"model": "auth.permission", "pk": 4, "fields": {"name": "Can view log entry", "content_type": 1, "codename": "view_logentry"}}, {"model": "auth.permission", "pk": 5, "fields": {"name": "Can add permission", "content_type": 2, "codename": "add_permission"}}, {"model": "auth.permission", "pk": 6, "fields": {"name": "Can change permission", "content_type": 2, "codename": "change_permission"}}, {"model": "auth.permission", "pk": 7, "fields": {"name": "Can delete permission", "content_type": 2, "codename": "delete_permission"}}, {"model": "auth.permission", "pk": 8, "fields": {"name": "Can view permission", "content_type": 2, "codename": "view_permission"}}, {"model": "auth.permission", "pk": 9, "fields": {"name": "Can add group", "content_type": 3, "codename": "add_group"}}, {"model": "auth.permission", "pk": 10, "fields": {"name": "Can change group", "content_type": 3, "codename": "change_group"}}, {"model": "auth.permission", "pk": 11, "fields": {"name": "Can delete group", "content_type": 3, "codename": "delete_group"}}, {"model": "auth.permission", "pk": 12, "fields": {"name": "Can view group", "content_type": 3, "codename": "view_group"}}, {"model": "auth.permission", "pk": 13, "fields": {"name": "Can add user", "content_type": 4, "codename": "add_user"}}, {"model": "auth.permission", "pk": 14, "fields": {"name": "Can change user", "content_type": 4, "codename": "change_user"}}, {"model": "auth.permission", "pk": 15, "fields": {"name": "Can delete user", "content_type": 4, "codename": "delete_user"}}, {"model": "auth.permission", "pk": 16, "fields": {"name": "Can view user", "content_type": 4, "codename": "view_user"}}, {"model": "auth.permission", "pk": 17, "fields": {"name": "Can add content type", "content_type": 5, "codename": "add_contenttype"}}, {"model": "auth.permission", "pk": 18, "fields": {"name": "Can change content type", "content_type": 5, "codename": "change_contenttype"}}, {"model": "auth.permission", "pk": 19, "fields": {"name": "Can delete content type", "content_type": 5, "codename": "delete_contenttype"}}, {"model": "auth.permission", "pk": 20, "fields": {"name": "Can view content type", "content_type": 5, "codename": "view_contenttype"}}, {"model": "auth.permission", "pk": 21, "fields": {"name": "Can add session", "content_type": 6, "codename": "add_session"}}, {"model": "auth.permission", "pk": 22, "fields": {"name": "Can change session", "content_type": 6, "codename": "change_session"}}, {"model": "auth.permission", "pk": 23, "fields": {"name": "Can delete session", "content_type": 6, "codename": "delete_session"}}, {"model": "auth.permission", "pk": 24, "fields": {"name": "Can view session", "content_type": 6, "codename": "view_session"}}, {"model": "auth.permission", "pk": 25, "fields": {"name": "Can add tasks", "content_type": 7, "codename": "add_tasks"}}, {"model": "auth.permission", "pk": 26, "fields": {"name": "Can change tasks", "content_type": 7, "codename": "change_tasks"}}, {"model": "auth.permission", "pk": 27, "fields": {"name": "Can delete tasks", "content_type": 7, "codename": "delete_tasks"}}, {"model": "auth.permission", "pk": 28, "fields": {"name": "Can view tasks", "content_type": 7, "codename": "view_tasks"}}, {"model": "auth.permission", "pk": 29, "fields": {"name": "Can add t_actividades", "content_type": 8, "codename": "add_t_actividades"}}, {"model": "auth.permission", "pk": 30, "fields": {"name": "Can change t_actividades", "content_type": 8, "codename": "change_t_actividades"}}, {"model": "auth.permission", "pk": 31, "fields": {"name": "Can delete t_actividades", "content_type": 8, "codename": "delete_t_actividades"}}, {"model": "auth.permission", "pk": 32, "fields": {"name": "Can view t_actividades", "content_type": 8, "codename": "view_t_actividades"}}, {"model": "auth.permission", "pk": 33, "fields": {"name": "Can add t_aprendiz", "content_type": 9, "codename": "add_t_aprendiz"}}, {"model": "auth.permission", "pk": 34, "fields": {"name": "Can change t_aprendiz", "content_type": 9, "codename": "change_t_aprendiz"}}, {"model": "auth.permission", "pk": 35, "fields": {"name": "Can delete t_aprendiz", "content_type": 9, "codename": "delete_t_aprendiz"}}, {"model": "auth.permission", "pk": 36, "fields": {"name": "Can view t_aprendiz", "content_type": 9, "codename": "view_t_aprendiz"}}, {"model": "auth.permission", "pk": 37, "fields": {"name": "Can add t_centros_formacion", "content_type": 10, "codename": "add_t_centros_formacion"}}, {"model": "auth.permission", "pk": 38, "fields": {"name": "Can change t_centros_formacion", "content_type": 10, "codename": "change_t_centros_formacion"}}, {"model": "auth.permission", "pk": 39, "fields": {"name": "Can delete t_centros_formacion", "content_type": 10, "codename": "delete_t_centros_formacion"}}, {"model": "auth.permission", "pk": 40, "fields": {"name": "Can view t_centros_formacion", "content_type": 10, "codename": "view_t_centros_formacion"}}, {"model": "auth.permission", "pk": 41, "fields": {"name": "Can add t_cronogramas", "content_type": 11, "codename": "add_t_cronogramas"}}, {"model": "auth.permission", "pk": 42, "fields": {"name": "Can change t_cronogramas", "content_type": 11, "codename": "change_t_cronogramas"}}, {"model": "auth.permission", "pk": 43, "fields": {"name": "Can delete t_cronogramas", "content_type": 11, "codename": "delete_t_cronogramas"}}, {"model": "auth.permission", "pk": 44, "fields": {"name": "Can view t_cronogramas", "content_type": 11, "codename": "view_t_cronogramas"}}, {"model": "auth.permission", "pk": 45, "fields": {"name": "Can add t_descriptores", "content_type": 12, "codename": "add_t_descriptores"}}, {"model": "auth.permission", "pk": 46, "fields": {"name": "Can change t_descriptores", "content_type": 12, "codename": "change_t_descriptores"}}, {"model": "auth.permission", "pk": 47, "fields": {"name": "Can delete t_descriptores", "content_type": 12, "codename": "delete_t_descriptores"}}, {"model": "auth.permission", "pk": 48, "fields": {"name": "Can view t_descriptores", "content_type": 12, "codename": "view_t_descriptores"}}, {"model": "auth.permission", "pk": 49, "fields": {"name": "Can add t_documentos", "content_type": 13, "codename": "add_t_documentos"}}, {"model": "auth.permission", "pk": 50, "fields": {"name": "Can change t_documentos", "content_type": 13, "codename": "change_t_documentos"}}, {"model": "auth.permission", "pk": 51, "fields": {"name": "Can delete t_documentos", "content_type": 13, "codename": "delete_t_documentos"}}, {"model": "auth.permission", "pk": 52, "fields": {"name": "Can view t_documentos", "content_type": 13, "codename": "view_t_documentos"}}, {"model": "auth.permission", "pk": 53, "fields": {"name": "Can add t_encuentros", "content_type": 14, "codename": "add_t_encuentros"}}, {"model": "auth.permission", "pk": 54, "fields": {"name": "Can change t_encuentros", "content_type": 14, "codename": "change_t_encuentros"}}, {"model": "auth.permission", "pk": 55, "fields": {"name": "Can delete t_encuentros", "content_type": 14, "codename": "delete_t_encuentros"}}, {"model": "auth.permission", "pk": 56, "fields": {"name": "Can view t_encuentros", "content_type": 14, "codename": "view_t_encuentros"}}, {"model": "auth.permission", "pk": 57, "fields": {"name": "Can add t_guias", "content_type": 15, "codename": "add_t_guias"}}, {"model": "auth.permission", "pk": 58, "fields": {"name": "Can change t_guias", "content_type": 15, "codename": "change_t_guias"}}, {"model": "auth.permission", "pk": 59, "fields": {"name": "Can delete t_guias", "content_type": 15, "codename": "delete_t_guias"}}, {"model": "auth.permission", "pk": 60, "fields": {"name": "Can view t_guias", "content_type": 15, "codename": "view_t_guias"}}, {"model": "auth.permission", "pk": 61, "fields": {"name": "Can add t_instituciones_educativas", "content_type": 16, "codename": "add_t_instituciones_educativas"}}, {"model": "auth.permission", "pk": 62, "fields": {"name": "Can change t_instituciones_educativas", "content_type": 16, "codename": "change_t_instituciones_educativas"}}, {"model": "auth.permission", "pk": 63, "fields": {"name": "Can delete t_instituciones_educativas", "content_type": 16, "codename": "delete_t_instituciones_educativas"}}, {"model": "auth.permission", "pk": 64, "fields": {"name": "Can view t_instituciones_educativas", "content_type": 16, "codename": "view_t_instituciones_educativas"}}, {"model": "auth.permission", "pk": 65, "fields": {"name": "Can add t_instructor", "content_type": 17, "codename": "add_t_instructor"}}, {"model": "auth.permission", "pk": 66, "fields": {"name": "Can change t_instructor", "content_type": 17, "codename": "change_t_instructor"}}, {"model": "auth.permission", "pk": 67, "fields": {"name": "Can delete t_instructor", "content_type": 17, "codename": "delete_t_instructor"}}, {"model": "auth.permission", "pk": 68, "fields": {"name": "Can view t_instructor", "content_type": 17, "codename": "view_t_instructor"}}, {"model": "auth.permission", "pk": 69, "fields": {"name": "Can add t_novedades", "content_type": 18, "codename": "add_t_novedades"}}, {"model": "auth.permission", "pk": 70, "fields": {"name": "Can change t_novedades", "content_type": 18, "codename": "change_t_novedades"}}, {"model": "auth.permission", "pk": 71, "fields": {"name": "Can delete t_novedades", "content_type": 18, "codename": "delete_t_novedades"}}, {"model": "auth.permission", "pk": 72, "fields": {"name": "Can view t_novedades", "content_type": 18, "codename": "view_t_novedades"}}, {"model": "auth.permission", "pk": 73, "fields": {"name": "Can add t_programas", "content_type": 19, "codename": "add_t_programas"}}, {"model": "auth.permission", "pk": 74, "fields": {"name": "Can change t_programas", "content_type": 19, "codename": "change_t_programas"}}, {"model": "auth.permission", "pk": 75, "fields": {"name": "Can delete t_programas", "content_type": 19, "codename": "delete_t_programas"}}, {"model": "auth.permission", "pk": 76, "fields": {"name": "Can view t_programas", "content_type": 19, "codename": "view_t_programas"}}, {"model": "auth.permission", "pk": 77, "fields": {"name": "Can add t_recursos", "content_type": 20, "codename": "add_t_recursos"}}, {"model": "auth.permission", "pk": 78, "fields": {"name": "Can change t_recursos", "content_type": 20, "codename": "change_t_recursos"}}, {"model": "auth.permission", "pk": 79, "fields": {"name": "Can delete t_recursos", "content_type": 20, "codename": "delete_t_recursos"}}, {"model": "auth.permission", "pk": 80, "fields": {"name": "Can view t_recursos", "content_type": 20, "codename": "view_t_recursos"}}, {"model": "auth.permission", "pk": 81, "fields": {"name": "Can add t_representante_legal", "content_type": 21, "codename": "add_t_representante_legal"}}, {"model": "auth.permission", "pk": 82, "fields": {"name": "Can change t_representante_legal", "content_type": 21, "codename": "change_t_representante_legal"}}, {"model": "auth.permission", "pk": 83, "fields": {"name": "Can delete t_representante_legal", "content_type": 21, "codename": "delete_t_representante_legal"}}, {"model": "auth.permission", "pk": 84, "fields": {"name": "Can view t_representante_legal", "content_type": 21, "codename": "view_t_representante_legal"}}, {"model": "auth.permission", "pk": 85, "fields": {"name": "Can add t_actividades_documento", "content_type": 22, "codename": "add_t_actividades_documento"}}, {"model": "auth.permission", "pk": 86, "fields": {"name": "Can change t_actividades_documento", "content_type": 22, "codename": "change_t_actividades_documento"}}, {"model": "auth.permission", "pk": 87, "fields": {"name": "Can delete t_actividades_documento", "content_type": 22, "codename": "delete_t_actividades_documento"}}, {"model": "auth.permission", "pk": 88, "fields": {"name": "Can view t_actividades_documento", "content_type": 22, "codename": "view_t_actividades_documento"}}, {"model": "auth.permission", "pk": 89, "fields": {"name": "Can add t_actividades_ficha", "content_type": 23, "codename": "add_t_actividades_ficha"}}, {"model": "auth.permission", "pk": 90, "fields": {"name": "Can change t_actividades_ficha", "content_type": 23, "codename": "change_t_actividades_ficha"}}, {"model": "auth.permission", "pk": 91, "fields": {"name": "Can delete t_actividades_ficha", "content_type": 23, "codename": "delete_t_actividades_ficha"}}, {"model": "auth.permission", "pk": 92, "fields": {"name": "Can view t_actividades_ficha", "content_type": 23, "codename": "view_t_actividades_ficha"}}, {"model": "auth.permission", "pk": 93, "fields": {"name": "Can add t_actividades_aprendiz", "content_type": 24, "codename": "add_t_actividades_aprendiz"}}, {"model": "auth.permission", "pk": 94, "fields": {"name": "Can change t_actividades_aprendiz", "content_type": 24, "codename": "change_t_actividades_aprendiz"}}, {"model": "auth.permission", "pk": 95, "fields": {"name": "Can delete t_actividades_aprendiz", "content_type": 24, "codename": "delete_t_actividades_aprendiz"}}, {"model": "auth.permission", "pk": 96, "fields": {"name": "Can view t_actividades_aprendiz", "content_type": 24, "codename": "view_t_actividades_aprendiz"}}, {"model": "auth.permission", "pk": 97, "fields": {"name": "Can add t_actividades_descriptores", "content_type": 25, "codename": "add_t_actividades_descriptores"}}, {"model": "auth.permission", "pk": 98, "fields": {"name": "Can change t_actividades_descriptores", "content_type": 25, "codename": "change_t_actividades_descriptores"}}, {"model": "auth.permission", "pk": 99, "fields": {"name": "Can delete t_actividades_descriptores", "content_type": 25, "codename": "delete_t_actividades_descriptores"}}, {"model": "auth.permission", "pk": 100, "fields": {"name": "Can view t_actividades_descriptores", "content_type": 25, "codename": "view_t_actividades_descriptores"}}, {"model": "auth.permission", "pk": 101, "fields": {"name": "Can add t_documentos_proceso", "content_type": 26, "codename": "add_t_documentos_proceso"}}, {"model": "auth.permission", "pk": 102, "fields": {"name": "Can change t_documentos_proceso", "content_type": 26, "codename": "change_t_documentos_proceso"}}, {"model": "auth.permission", "pk": 103, "fields": {"name": "Can delete t_documentos_proceso", "content_type": 26, "codename": "delete_t_documentos_proceso"}}, {"model": "auth.permission", "pk": 104, "fields": {"name": "Can view t_documentos_proceso", "content_type": 26, "codename": "view_t_documentos_proceso"}}, {"model": "auth.permission", "pk": 105, "fields": {"name": "Can add t_encuentros_aprendiz", "content_type": 27, "codename": "add_t_encuentros_aprendiz"}}, {"model": "auth.permission", "pk": 106, "fields": {"name": "Can change t_encuentros_aprendiz", "content_type": 27, "codename": "change_t_encuentros_aprendiz"}}, {"model": "auth.permission", "pk": 107, "fields": {"name": "Can delete t_encuentros_aprendiz", "content_type": 27, "codename": "delete_t_encuentros_aprendiz"}}, {"model": "auth.permission", "pk": 108, "fields": {"name": "Can view t_encuentros_aprendiz", "content_type": 27, "codename": "view_t_encuentros_aprendiz"}}, {"model": "auth.permission", "pk": 109, "fields": {"name": "Can add t_fichas", "content_type": 28, "codename": "add_t_fichas"}}, {"model": "auth.permission", "pk": 110, "fields": {"name": "Can change t_fichas", "content_type": 28, "codename": "change_t_fichas"}}, {"model": "auth.permission", "pk": 111, "fields": {"name": "Can delete t_fichas", "content_type": 28, "codename": "delete_t_fichas"}}, {"model": "auth.permission", "pk": 112, "fields": {"name": "Can view t_fichas", "content_type": 28, "codename": "view_t_fichas"}}, {"model": "auth.permission", "pk": 113, "fields": {"name": "Can add t_criterios_evaluacion", "content_type": 29, "codename": "add_t_criterios_evaluacion"}}, {"model": "auth.permission", "pk": 114, "fields": {"name": "Can change t_criterios_evaluacion", "content_type": 29, "codename": "change_t_criterios_evaluacion"}}, {"model": "auth.permission", "pk": 115, "fields": {"name": "Can delete t_criterios_evaluacion", "content_type": 29, "codename": "delete_t_criterios_evaluacion"}}, {"model": "auth.permission", "pk": 116, "fields": {"name": "Can view t_criterios_evaluacion", "content_type": 29, "codename": "view_t_criterios_evaluacion"}}, {"model": "auth.permission", "pk": 117, "fields": {"name": "Can add t_guias_documento", "content_type": 30, "codename": "add_t_guias_documento"}}, {"model": "auth.permission", "pk": 118, "fields": {"name": "Can change t_guias_documento", "content_type": 30, "codename": "change_t_guias_documento"}}, {"model": "auth.permission", "pk": 119, "fields": {"name": "Can delete t_guias_documento", "content_type": 30, "codename": "delete_t_guias_documento"}}, {"model": "auth.permission", "pk": 120, "fields": {"name": "Can view t_guias_documento", "content_type": 30, "codename": "view_t_guias_documento"}}, {"model": "auth.permission", "pk": 121, "fields": {"name": "Can add t_fases_ficha", "content_type": 31, "codename": "add_t_fases_ficha"}}, {"model": "auth.permission", "pk": 122, "fields": {"name": "Can change t_fases_ficha", "content_type": 31, "codename": "change_t_fases_ficha"}}, {"model": "auth.permission", "pk": 123, "fields": {"name": "Can delete t_fases_ficha", "content_type": 31, "codename": "delete_t_fases_ficha"}}, {"model": "auth.permission", "pk": 124, "fields": {"name": "Can view t_fases_ficha", "content_type": 31, "codename": "view_t_fases_ficha"}}, {"model": "auth.permission", "pk": 125, "fields": {"name": "Can add t_novedades_documentos", "content_type": 32, "codename": "add_t_novedades_documentos"}}, {"model": "auth.permission", "pk": 126, "fields": {"name": "Can change t_novedades_documentos", "content_type": 32, "codename": "change_t_novedades_documentos"}}, {"model": "auth.permission", "pk": 127, "fields": {"name": "Can delete t_novedades_documentos", "content_type": 32, "codename": "delete_t_novedades_documentos"}}, {"model": "auth.permission", "pk": 128, "fields": {"name": "Can view t_novedades_documentos", "content_type": 32, "codename": "view_t_novedades_documentos"}}, {"model": "auth.permission", "pk": 129, "fields": {"name": "Can add t_novedades_ficha", "content_type": 33, "codename": "add_t_novedades_ficha"}}, {"model": "auth.permission", "pk": 130, "fields": {"name": "Can change t_novedades_ficha", "content_type": 33, "codename": "change_t_novedades_ficha"}}, {"model": "auth.permission", "pk": 131, "fields": {"name": "Can delete t_novedades_ficha", "content_type": 33, "codename": "delete_t_novedades_ficha"}}, {"model": "auth.permission", "pk": 132, "fields": {"name": "Can view t_novedades_ficha", "content_type": 33, "codename": "view_t_novedades_ficha"}}, {"model": "auth.permission", "pk": 133, "fields": {"name": "Can add t_perfil", "content_type": 34, "codename": "add_t_perfil"}}, {"model": "auth.permission", "pk": 134, "fields": {"name": "Can change t_perfil", "content_type": 34, "codename": "change_t_perfil"}}, {"model": "auth.permission", "pk": 135, "fields": {"name": "Can delete t_perfil", "content_type": 34, "codename": "delete_t_perfil"}}, {"model": "auth.permission", "pk": 136, "fields": {"name": "Can view t_perfil", "content_type": 34, "codename": "view_t_perfil"}}, {"model": "auth.permission", "pk": 137, "fields": {"name": "Can add t_lider", "content_type": 35, "codename": "add_t_lider"}}, {"model": "auth.permission", "pk": 138, "fields": {"name": "Can change t_lider", "content_type": 35, "codename": "change_t_lider"}}, {"model": "auth.permission", "pk": 139, "fields": {"name": "Can delete t_lider", "content_type": 35, "codename": "delete_t_lider"}}, {"model": "auth.permission", "pk": 140, "fields": {"name": "Can view t_lider", "content_type": 35, "codename": "view_t_lider"}}, {"model": "auth.permission", "pk": 141, "fields": {"name": "Can add t_admin", "content_type": 36, "codename": "add_t_admin"}}, {"model": "auth.permission", "pk": 142, "fields": {"name": "Can change t_admin", "content_type": 36, "codename": "change_t_admin"}}, {"model": "auth.permission", "pk": 143, "fields": {"name": "Can delete t_admin", "content_type": 36, "codename": "delete_t_admin"}}, {"model": "auth.permission", "pk": 144, "fields": {"name": "Can view t_admin", "content_type": 36, "codename": "view_t_admin"}}, {"model": "auth.permission", "pk": 145, "fields": {"name": "Can add t_competencias", "content_type": 37, "codename": "add_t_competencias"}}, {"model": "auth.permission", "pk": 146, "fields": {"name": "Can change t_competencias", "content_type": 37, "codename": "change_t_competencias"}}, {"model": "auth.permission", "pk": 147, "fields": {"name": "Can delete t_competencias", "content_type": 37, "codename": "delete_t_competencias"}}, {"model": "auth.permission", "pk": 148, "fields": {"name": "Can view t_competencias", "content_type": 37, "codename": "view_t_competencias"}}, {"model": "auth.permission", "pk": 149, "fields": {"name": "Can add t_raps", "content_type": 38, "codename": "add_t_raps"}}, {"model": "auth.permission", "pk": 150, "fields": {"name": "Can change t_raps", "content_type": 38, "codename": "change_t_raps"}}, {"model": "auth.permission", "pk": 151, "fields": {"name": "Can delete t_raps", "content_type": 38, "codename": "delete_t_raps"}}, {"model": "auth.permission", "pk": 152, "fields": {"name": "Can view t_raps", "content_type": 38, "codename": "view_t_raps"}}, {"model": "auth.permission", "pk": 153, "fields": {"name": "Can add t_actividades_recurso", "content_type": 39, "codename": "add_t_actividades_recurso"}}, {"model": "auth.permission", "pk": 154, "fields": {"name": "Can change t_actividades_recurso", "content_type": 39, "codename": "change_t_actividades_recurso"}}, {"model": "auth.permission", "pk": 155, "fields": {"name": "Can delete t_actividades_recurso", "content_type": 39, "codename": "delete_t_actividades_recurso"}}, {"model": "auth.permission", "pk": 156, "fields": {"name": "Can view t_actividades_recurso", "content_type": 39, "codename": "view_t_actividades_recurso"}}, {"model": "auth.permission", "pk": 157, "fields": {"name": "Can add t_subtipo_novedad", "content_type": 40, "codename": "add_t_subtipo_novedad"}}, {"model": "auth.permission", "pk": 158, "fields": {"name": "Can change t_subtipo_novedad", "content_type": 40, "codename": "change_t_subtipo_novedad"}}, {"model": "auth.permission", "pk": 159, "fields": {"name": "Can delete t_subtipo_novedad", "content_type": 40, "codename": "delete_t_subtipo_novedad"}}, {"model": "auth.permission", "pk": 160, "fields": {"name": "Can view t_subtipo_novedad", "content_type": 40, "codename": "view_t_subtipo_novedad"}}, {"model": "auth.permission", "pk": 161, "fields": {"name": "Can add t_tipo_novedad", "content_type": 41, "codename": "add_t_tipo_novedad"}}, {"model": "auth.permission", "pk": 162, "fields": {"name": "Can change t_tipo_novedad", "content_type": 41, "codename": "change_t_tipo_novedad"}}, {"model": "auth.permission", "pk": 163, "fields": {"name": "Can delete t_tipo_novedad", "content_type": 41, "codename": "delete_t_tipo_novedad"}}, {"model": "auth.permission", "pk": 164, "fields": {"name": "Can view t_tipo_novedad", "content_type": 41, "codename": "view_t_tipo_novedad"}}, {"model": "auth.permission", "pk": 165, "fields": {"name": "Can add t_perfi", "content_type": 34, "codename": "add_t_perfi"}}, {"model": "auth.permission", "pk": 166, "fields": {"name": "Can change t_perfi", "content_type": 34, "codename": "change_t_perfi"}}, {"model": "auth.permission", "pk": 167, "fields": {"name": "Can delete t_perfi", "content_type": 34, "codename": "delete_t_perfi"}}, {"model": "auth.permission", "pk": 168, "fields": {"name": "Can view t_perfi", "content_type": 34, "codename": "view_t_perfi"}}, {"model": "auth.permission", "pk": 169, "fields": {"name": "Can add t_acti", "content_type": 8, "codename": "add_t_acti"}}, {"model": "auth.permission", "pk": 170, "fields": {"name": "Can change t_acti", "content_type": 8, "codename": "change_t_acti"}}, {"model": "auth.permission", "pk": 171, "fields": {"name": "Can delete t_acti", "content_type": 8, "codename": "delete_t_acti"}}, {"model": "auth.permission", "pk": 172, "fields": {"name": "Can view t_acti", "content_type": 8, "codename": "view_t_acti"}}, {"model": "auth.permission", "pk": 173, "fields": {"name": "Can add t_acti_apre", "content_type": 24, "codename": "add_t_acti_apre"}}, {"model": "auth.permission", "pk": 174, "fields": {"name": "Can change t_acti_apre", "content_type": 24, "codename": "change_t_acti_apre"}}, {"model": "auth.permission", "pk": 175, "fields": {"name": "Can delete t_acti_apre", "content_type": 24, "codename": "delete_t_acti_apre"}}, {"model": "auth.permission", "pk": 176, "fields": {"name": "Can view t_acti_apre", "content_type": 24, "codename": "view_t_acti_apre"}}, {"model": "auth.permission", "pk": 177, "fields": {"name": "Can add t_acti_descri", "content_type": 22, "codename": "add_t_acti_descri"}}, {"model": "auth.permission", "pk": 178, "fields": {"name": "Can change t_acti_descri", "content_type": 22, "codename": "change_t_acti_descri"}}, {"model": "auth.permission", "pk": 179, "fields": {"name": "Can delete t_acti_descri", "content_type": 22, "codename": "delete_t_acti_descri"}}, {"model": "auth.permission", "pk": 180, "fields": {"name": "Can view t_acti_descri", "content_type": 22, "codename": "view_t_acti_descri"}}, {"model": "auth.permission", "pk": 181, "fields": {"name": "Can add t_acti_docu", "content_type": 25, "codename": "add_t_acti_docu"}}, {"model": "auth.permission", "pk": 182, "fields": {"name": "Can change t_acti_docu", "content_type": 25, "codename": "change_t_acti_docu"}}, {"model": "auth.permission", "pk": 183, "fields": {"name": "Can delete t_acti_docu", "content_type": 25, "codename": "delete_t_acti_docu"}}, {"model": "auth.permission", "pk": 184, "fields": {"name": "Can view t_acti_docu", "content_type": 25, "codename": "view_t_acti_docu"}}, {"model": "auth.permission", "pk": 185, "fields": {"name": "Can add t_acti_ficha", "content_type": 23, "codename": "add_t_acti_ficha"}}, {"model": "auth.permission", "pk": 186, "fields": {"name": "Can change t_acti_ficha", "content_type": 23, "codename": "change_t_acti_ficha"}}, {"model": "auth.permission", "pk": 187, "fields": {"name": "Can delete t_acti_ficha", "content_type": 23, "codename": "delete_t_acti_ficha"}}, {"model": "auth.permission", "pk": 188, "fields": {"name": "Can view t_acti_ficha", "content_type": 23, "codename": "view_t_acti_ficha"}}, {"model": "auth.permission", "pk": 189, "fields": {"name": "Can add t_acti_recu", "content_type": 39, "codename": "add_t_acti_recu"}}, {"model": "auth.permission", "pk": 190, "fields": {"name": "Can change t_acti_recu", "content_type": 39, "codename": "change_t_acti_recu"}}, {"model": "auth.permission", "pk": 191, "fields": {"name": "Can delete t_acti_recu", "content_type": 39, "codename": "delete_t_acti_recu"}}, {"model": "auth.permission", "pk": 192, "fields": {"name": "Can view t_acti_recu", "content_type": 39, "codename": "view_t_acti_recu"}}, {"model": "auth.permission", "pk": 193, "fields": {"name": "Can add t_apre", "content_type": 9, "codename": "add_t_apre"}}, {"model": "auth.permission", "pk": 194, "fields": {"name": "Can change t_apre", "content_type": 9, "codename": "change_t_apre"}}, {"model": "auth.permission", "pk": 195, "fields": {"name": "Can delete t_apre", "content_type": 9, "codename": "delete_t_apre"}}, {"model": "auth.permission", "pk": 196, "fields": {"name": "Can view t_apre", "content_type": 9, "codename": "view_t_apre"}}, {"model": "auth.permission", "pk": 197, "fields": {"name": "Can add t_centro_forma", "content_type": 10, "codename": "add_t_centro_forma"}}, {"model": "auth.permission", "pk": 198, "fields": {"name": "Can change t_centro_forma", "content_type": 10, "codename": "change_t_centro_forma"}}, {"model": "auth.permission", "pk": 199, "fields": {"name": "Can delete t_centro_forma", "content_type": 10, "codename": "delete_t_centro_forma"}}, {"model": "auth.permission", "pk": 200, "fields": {"name": "Can view t_centro_forma", "content_type": 10, "codename": "view_t_centro_forma"}}, {"model": "auth.permission", "pk": 201, "fields": {"name": "Can add t_compe", "content_type": 37, "codename": "add_t_compe"}}, {"model": "auth.permission", "pk": 202, "fields": {"name": "Can change t_compe", "content_type": 37, "codename": "change_t_compe"}}, {"model": "auth.permission", "pk": 203, "fields": {"name": "Can delete t_compe", "content_type": 37, "codename": "delete_t_compe"}}, {"model": "auth.permission", "pk": 204, "fields": {"name": "Can view t_compe", "content_type": 37, "codename": "view_t_compe"}}, {"model": "auth.permission", "pk": 205, "fields": {"name": "Can add t_crite_eva", "content_type": 29, "codename": "add_t_crite_eva"}}, {"model": "auth.permission", "pk": 206, "fields": {"name": "Can change t_crite_eva", "content_type": 29, "codename": "change_t_crite_eva"}}, {"model": "auth.permission", "pk": 207, "fields": {"name": "Can delete t_crite_eva", "content_type": 29, "codename": "delete_t_crite_eva"}}, {"model": "auth.permission", "pk": 208, "fields": {"name": "Can view t_crite_eva", "content_type": 29, "codename": "view_t_crite_eva"}}, {"model": "auth.permission", "pk": 209, "fields": {"name": "Can add t_crono", "content_type": 11, "codename": "add_t_crono"}}, {"model": "auth.permission", "pk": 210, "fields": {"name": "Can change t_crono", "content_type": 11, "codename": "change_t_crono"}}, {"model": "auth.permission", "pk": 211, "fields": {"name": "Can delete t_crono", "content_type": 11, "codename": "delete_t_crono"}}, {"model": "auth.permission", "pk": 212, "fields": {"name": "Can view t_crono", "content_type": 11, "codename": "view_t_crono"}}, {"model": "auth.permission", "pk": 213, "fields": {"name": "Can add t_descri", "content_type": 12, "codename": "add_t_descri"}}, {"model": "auth.permission", "pk": 214, "fields": {"name": "Can change t_descri", "content_type": 12, "codename": "change_t_descri"}}, {"model": "auth.permission", "pk": 215, "fields": {"name": "Can delete t_descri", "content_type": 12, "codename": "delete_t_descri"}}, {"model": "auth.permission", "pk": 216, "fields": {"name": "Can view t_descri", "content_type": 12, "codename": "view_t_descri"}}, {"model": "auth.permission", "pk": 217, "fields": {"name": "Can add t_docu", "content_type": 13, "codename": "add_t_docu"}}, {"model": "auth.permission", "pk": 218, "fields": {"name": "Can change t_docu", "content_type": 13, "codename": "change_t_docu"}}, {"model": "auth.permission", "pk": 219, "fields": {"name": "Can delete t_docu", "content_type": 13, "codename": "delete_t_docu"}}, {"model": "auth.permission", "pk": 220, "fields": {"name": "Can view t_docu", "content_type": 13, "codename": "view_t_docu"}}, {"model": "auth.permission", "pk": 221, "fields": {"name": "Can add t_docu_proce", "content_type": 26, "codename": "add_t_docu_proce"}}, {"model": "auth.permission", "pk": 222, "fields": {"name": "Can change t_docu_proce", "content_type": 26, "codename": "change_t_docu_proce"}}, {"model": "auth.permission", "pk": 223, "fields": {"name": "Can delete t_docu_proce", "content_type": 26, "codename": "delete_t_docu_proce"}}, {"model": "auth.permission", "pk": 224, "fields": {"name": "Can view t_docu_proce", "content_type": 26, "codename": "view_t_docu_proce"}}, {"model": "auth.permission", "pk": 225, "fields": {"name": "Can add t_encu", "content_type": 14, "codename": "add_t_encu"}}, {"model": "auth.permission", "pk": 226, "fields": {"name": "Can change t_encu", "content_type": 14, "codename": "change_t_encu"}}, {"model": "auth.permission", "pk": 227, "fields": {"name": "Can delete t_encu", "content_type": 14, "codename": "delete_t_encu"}}, {"model": "auth.permission", "pk": 228, "fields": {"name": "Can view t_encu", "content_type": 14, "codename": "view_t_encu"}}, {"model": "auth.permission", "pk": 229, "fields": {"name": "Can add t_encu_apre", "content_type": 30, "codename": "add_t_encu_apre"}}, {"model": "auth.permission", "pk": 230, "fields": {"name": "Can change t_encu_apre", "content_type": 30, "codename": "change_t_encu_apre"}}, {"model": "auth.permission", "pk": 231, "fields": {"name": "Can delete t_encu_apre", "content_type": 30, "codename": "delete_t_encu_apre"}}, {"model": "auth.permission", "pk": 232, "fields": {"name": "Can view t_encu_apre", "content_type": 30, "codename": "view_t_encu_apre"}}, {"model": "auth.permission", "pk": 233, "fields": {"name": "Can add t_fase_ficha", "content_type": 31, "codename": "add_t_fase_ficha"}}, {"model": "auth.permission", "pk": 234, "fields": {"name": "Can change t_fase_ficha", "content_type": 31, "codename": "change_t_fase_ficha"}}, {"model": "auth.permission", "pk": 235, "fields": {"name": "Can delete t_fase_ficha", "content_type": 31, "codename": "delete_t_fase_ficha"}}, {"model": "auth.permission", "pk": 236, "fields": {"name": "Can view t_fase_ficha", "content_type": 31, "codename": "view_t_fase_ficha"}}, {"model": "auth.permission", "pk": 237, "fields": {"name": "Can add t_ficha", "content_type": 28, "codename": "add_t_ficha"}}, {"model": "auth.permission", "pk": 238, "fields": {"name": "Can change t_ficha", "content_type": 28, "codename": "change_t_ficha"}}, {"model": "auth.permission", "pk": 239, "fields": {"name": "Can delete t_ficha", "content_type": 28, "codename": "delete_t_ficha"}}, {"model": "auth.permission", "pk": 240, "fields": {"name": "Can view t_ficha", "content_type": 28, "codename": "view_t_ficha"}}, {"model": "auth.permission", "pk": 241, "fields": {"name": "Can add t_guia", "content_type": 15, "codename": "add_t_guia"}}, {"model": "auth.permission", "pk": 242, "fields": {"name": "Can change t_guia", "content_type": 15, "codename": "change_t_guia"}}, {"model": "auth.permission", "pk": 243, "fields": {"name": "Can delete t_guia", "content_type": 15, "codename": "delete_t_guia"}}, {"model": "auth.permission", "pk": 244, "fields": {"name": "Can view t_guia", "content_type": 15, "codename": "view_t_guia"}}, {"model": "auth.permission", "pk": 245, "fields": {"name": "Can add t_guia_docu", "content_type": 27, "codename": "add_t_guia_docu"}}, {"model": "auth.permission", "pk": 246, "fields": {"name": "Can change t_guia_docu", "content_type": 27, "codename": "change_t_guia_docu"}}, {"model": "auth.permission", "pk": 247, "fields": {"name": "Can delete t_guia_docu", "content_type": 27, "codename": "delete_t_guia_docu"}}, {"model": "auth.permission", "pk": 248, "fields": {"name": "Can view t_guia_docu", "content_type": 27, "codename": "view_t_guia_docu"}}, {"model": "auth.permission", "pk": 249, "fields": {"name": "Can add t_insti_edu", "content_type": 16, "codename": "add_t_insti_edu"}}, {"model": "auth.permission", "pk": 250, "fields": {"name": "Can change t_insti_edu", "content_type": 16, "codename": "change_t_insti_edu"}}, {"model": "auth.permission", "pk": 251, "fields": {"name": "Can delete t_insti_edu", "content_type": 16, "codename": "delete_t_insti_edu"}}, {"model": "auth.permission", "pk": 252, "fields": {"name": "Can view t_insti_edu", "content_type": 16, "codename": "view_t_insti_edu"}}, {"model": "auth.permission", "pk": 253, "fields": {"name": "Can add t_instru", "content_type": 17, "codename": "add_t_instru"}}, {"model": "auth.permission", "pk": 254, "fields": {"name": "Can change t_instru", "content_type": 17, "codename": "change_t_instru"}}, {"model": "auth.permission", "pk": 255, "fields": {"name": "Can delete t_instru", "content_type": 17, "codename": "delete_t_instru"}}, {"model": "auth.permission", "pk": 256, "fields": {"name": "Can view t_instru", "content_type": 17, "codename": "view_t_instru"}}, {"model": "auth.permission", "pk": 257, "fields": {"name": "Can add t_nove", "content_type": 18, "codename": "add_t_nove"}}, {"model": "auth.permission", "pk": 258, "fields": {"name": "Can change t_nove", "content_type": 18, "codename": "change_t_nove"}}, {"model": "auth.permission", "pk": 259, "fields": {"name": "Can delete t_nove", "content_type": 18, "codename": "delete_t_nove"}}, {"model": "auth.permission", "pk": 260, "fields": {"name": "Can view t_nove", "content_type": 18, "codename": "view_t_nove"}}, {"model": "auth.permission", "pk": 261, "fields": {"name": "Can add t_nove_docu", "content_type": 33, "codename": "add_t_nove_docu"}}, {"model": "auth.permission", "pk": 262, "fields": {"name": "Can change t_nove_docu", "content_type": 33, "codename": "change_t_nove_docu"}}, {"model": "auth.permission", "pk": 263, "fields": {"name": "Can delete t_nove_docu", "content_type": 33, "codename": "delete_t_nove_docu"}}, {"model": "auth.permission", "pk": 264, "fields": {"name": "Can view t_nove_docu", "content_type": 33, "codename": "view_t_nove_docu"}}, {"model": "auth.permission", "pk": 265, "fields": {"name": "Can add t_nove_ficha", "content_type": 32, "codename": "add_t_nove_ficha"}}, {"model": "auth.permission", "pk": 266, "fields": {"name": "Can change t_nove_ficha", "content_type": 32, "codename": "change_t_nove_ficha"}}, {"model": "auth.permission", "pk": 267, "fields": {"name": "Can delete t_nove_ficha", "content_type": 32, "codename": "delete_t_nove_ficha"}}, {"model": "auth.permission", "pk": 268, "fields": {"name": "Can view t_nove_ficha", "content_type": 32, "codename": "view_t_nove_ficha"}}, {"model": "auth.permission", "pk": 269, "fields": {"name": "Can add t_progra", "content_type": 19, "codename": "add_t_progra"}}, {"model": "auth.permission", "pk": 270, "fields": {"name": "Can change t_progra", "content_type": 19, "codename": "change_t_progra"}}, {"model": "auth.permission", "pk": 271, "fields": {"name": "Can delete t_progra", "content_type": 19, "codename": "delete_t_progra"}}, {"model": "auth.permission", "pk": 272, "fields": {"name": "Can view t_progra", "content_type": 19, "codename": "view_t_progra"}}, {"model": "auth.permission", "pk": 273, "fields": {"name": "Can add t_recu", "content_type": 20, "codename": "add_t_recu"}}, {"model": "auth.permission", "pk": 274, "fields": {"name": "Can change t_recu", "content_type": 20, "codename": "change_t_recu"}}, {"model": "auth.permission", "pk": 275, "fields": {"name": "Can delete t_recu", "content_type": 20, "codename": "delete_t_recu"}}, {"model": "auth.permission", "pk": 276, "fields": {"name": "Can view t_recu", "content_type": 20, "codename": "view_t_recu"}}, {"model": "auth.permission", "pk": 277, "fields": {"name": "Can add t_repre_legal", "content_type": 21, "codename": "add_t_repre_legal"}}, {"model": "auth.permission", "pk": 278, "fields": {"name": "Can change t_repre_legal", "content_type": 21, "codename": "change_t_repre_legal"}}, {"model": "auth.permission", "pk": 279, "fields": {"name": "Can delete t_repre_legal", "content_type": 21, "codename": "delete_t_repre_legal"}}, {"model": "auth.permission", "pk": 280, "fields": {"name": "Can view t_repre_legal", "content_type": 21, "codename": "view_t_repre_legal"}}, {"model": "auth.permission", "pk": 281, "fields": {"name": "Can add t_subtipo_nove", "content_type": 40, "codename": "add_t_subtipo_nove"}}, {"model": "auth.permission", "pk": 282, "fields": {"name": "Can change t_subtipo_nove", "content_type": 40, "codename": "change_t_subtipo_nove"}}, {"model": "auth.permission", "pk": 283, "fields": {"name": "Can delete t_subtipo_nove", "content_type": 40, "codename": "delete_t_subtipo_nove"}}, {"model": "auth.permission", "pk": 284, "fields": {"name": "Can view t_subtipo_nove", "content_type": 40, "codename": "view_t_subtipo_nove"}}, {"model": "auth.permission", "pk": 285, "fields": {"name": "Can add t_tipo_nove", "content_type": 41, "codename": "add_t_tipo_nove"}}, {"model": "auth.permission", "pk": 286, "fields": {"name": "Can change t_tipo_nove", "content_type": 41, "codename": "change_t_tipo_nove"}}, {"model": "auth.permission", "pk": 287, "fields": {"name": "Can delete t_tipo_nove", "content_type": 41, "codename": "delete_t_tipo_nove"}}, {"model": "auth.permission", "pk": 288, "fields": {"name": "Can view t_tipo_nove", "content_type": 41, "codename": "view_t_tipo_nove"}}, {"model": "auth.permission", "pk": 289, "fields": {"name": "Can add t_tipo_acti", "content_type": 42, "codename": "add_t_tipo_acti"}}, {"model": "auth.permission", "pk": 290, "fields": {"name": "Can change t_tipo_acti", "content_type": 42, "codename": "change_t_tipo_acti"}}, {"model": "auth.permission", "pk": 291, "fields": {"name": "Can delete t_tipo_acti", "content_type": 42, "codename": "delete_t_tipo_acti"}}, {"model": "auth.permission", "pk": 292, "fields": {"name": "Can view t_tipo_acti", "content_type": 42, "codename": "view_t_tipo_acti"}}, {"model": "auth.permission", "pk": 293, "fields": {"name": "Can add t_rap_acti", "content_type": 43, "codename": "add_t_rap_acti"}}, {"model": "auth.permission", "pk": 294, "fields": {"name": "Can change t_rap_acti", "content_type": 43, "codename": "change_t_rap_acti"}}, {"model": "auth.permission", "pk": 295, "fields": {"name": "Can delete t_rap_acti", "content_type": 43, "codename": "delete_t_rap_acti"}}, {"model": "auth.permission", "pk": 296, "fields": {"name": "Can view t_rap_acti", "content_type": 43, "codename": "view_t_rap_acti"}}, {"model": "auth.permission", "pk": 297, "fields": {"name": "Can add t_raps_acti", "content_type": 44, "codename": "add_t_raps_acti"}}, {"model": "auth.permission", "pk": 298, "fields": {"name": "Can change t_raps_acti", "content_type": 44, "codename": "change_t_raps_acti"}}, {"model": "auth.permission", "pk": 299, "fields": {"name": "Can delete t_raps_acti", "content_type": 44, "codename": "delete_t_raps_acti"}}, {"model": "auth.permission", "pk": 300, "fields": {"name": "Can view t_raps_acti", "content_type": 44, "codename": "view_t_raps_acti"}}, {"model": "auth.permission", "pk": 301, "fields": {"name": "Can add t_raps_ficha", "content_type": 45, "codename": "add_t_raps_ficha"}}, {"model": "auth.permission", "pk": 302, "fields": {"name": "Can change t_raps_ficha", "content_type": 45, "codename": "change_t_raps_ficha"}}, {"model": "auth.permission", "pk": 303, "fields": {"name": "Can delete t_raps_ficha", "content_type": 45, "codename": "delete_t_raps_ficha"}}, {"model": "auth.permission", "pk": 304, "fields": {"name": "Can view t_raps_ficha", "content_type": 45, "codename": "view_t_raps_ficha"}}, {"model": "auth.permission", "pk": 305, "fields": {"name": "Can add t_ document folder", "content_type": 46, "codename": "add_t_documentfolder"}}, {"model": "auth.permission", "pk": 306, "fields": {"name": "Can change t_ document folder", "content_type": 46, "codename": "change_t_documentfolder"}}, {"model": "auth.permission", "pk": 307, "fields": {"name": "Can delete t_ document folder", "content_type": 46, "codename": "delete_t_documentfolder"}}, {"model": "auth.permission", "pk": 308, "fields": {"name": "Can view t_ document folder", "content_type": 46, "codename": "view_t_documentfolder"}}, {"model": "auth.permission", "pk": 309, "fields": {"name": "Can add t_ document content", "content_type": 47, "codename": "add_t_documentcontent"}}, {"model": "auth.permission", "pk": 310, "fields": {"name": "Can change t_ document content", "content_type": 47, "codename": "change_t_documentcontent"}}, {"model": "auth.permission", "pk": 311, "fields": {"name": "Can delete t_ document content", "content_type": 47, "codename": "delete_t_documentcontent"}}, {"model": "auth.permission", "pk": 312, "fields": {"name": "Can view t_ document content", "content_type": 47, "codename": "view_t_documentcontent"}}, {"model": "auth.permission", "pk": 313, "fields": {"name": "Can add t_ document folder aprendiz", "content_type": 48, "codename": "add_t_documentfolderaprendiz"}}, {"model": "auth.permission", "pk": 314, "fields": {"name": "Can change t_ document folder aprendiz", "content_type": 48, "codename": "change_t_documentfolderaprendiz"}}, {"model": "auth.permission", "pk": 315, "fields": {"name": "Can delete t_ document folder aprendiz", "content_type": 48, "codename": "delete_t_documentfolderaprendiz"}}, {"model": "auth.permission", "pk": 316, "fields": {"name": "Can view t_ document folder aprendiz", "content_type": 48, "codename": "view_t_documentfolderaprendiz"}}, {"model": "auth.permission", "pk": 317, "fields": {"name": "Can add t_departa", "content_type": 49, "codename": "add_t_departa"}}, {"model": "auth.permission", "pk": 318, "fields": {"name": "Can change t_departa", "content_type": 49, "codename": "change_t_departa"}}, {"model": "auth.permission", "pk": 319, "fields": {"name": "Can delete t_departa", "content_type": 49, "codename": "delete_t_departa"}}, {"model": "auth.permission", "pk": 320, "fields": {"name": "Can view t_departa", "content_type": 49, "codename": "view_t_departa"}}, {"model": "auth.permission", "pk": 321, "fields": {"name": "Can add t_munici", "content_type": 50, "codename": "add_t_munici"}}, {"model": "auth.permission", "pk": 322, "fields": {"name": "Can change t_munici", "content_type": 50, "codename": "change_t_munici"}}, {"model": "auth.permission", "pk": 323, "fields": {"name": "Can delete t_munici", "content_type": 50, "codename": "delete_t_munici"}}, {"model": "auth.permission", "pk": 324, "fields": {"name": "Can view t_munici", "content_type": 50, "codename": "view_t_munici"}}, {"model": "auth.permission", "pk": 325, "fields": {"name": "Can add t_prematri_docu", "content_type": 51, "codename": "add_t_prematri_docu"}}, {"model": "auth.permission", "pk": 326, "fields": {"name": "Can change t_prematri_docu", "content_type": 51, "codename": "change_t_prematri_docu"}}, {"model": "auth.permission", "pk": 327, "fields": {"name": "Can delete t_prematri_docu", "content_type": 51, "codename": "delete_t_prematri_docu"}}, {"model": "auth.permission", "pk": 328, "fields": {"name": "Can view t_prematri_docu", "content_type": 51, "codename": "view_t_prematri_docu"}}, {"model": "auth.permission", "pk": 329, "fields": {"name": "Can add t_insti_docu", "content_type": 52, "codename": "add_t_insti_docu"}}, {"model": "auth.permission", "pk": 330, "fields": {"name": "Can change t_insti_docu", "content_type": 52, "codename": "change_t_insti_docu"}}, {"model": "auth.permission", "pk": 331, "fields": {"name": "Can delete t_insti_docu", "content_type": 52, "codename": "delete_t_insti_docu"}}, {"model": "auth.permission", "pk": 332, "fields": {"name": "Can view t_insti_docu", "content_type": 52, "codename": "view_t_insti_docu"}}, {"model": "auth.user", "pk": 1, "fields": {"password": "pbkdf2_sha256$870000$Bbeky8SlxvQSlV2SA2cJBI$PpLHaH57/QBY6avdOnnSb2EvAq3PuaaY9+yjGoQIAkE=", "last_login": "2024-12-18T01:20:09.654Z", "is_superuser": true, "username": "andresSR", "first_name": "", "last_name": "", "email": "andresss1999@outlook.com", "is_staff": true, "is_active": true, "date_joined": "2024-12-18T01:19:25.215Z", "groups": [], "user_permissions": []}}, {"model": "auth.user", "pk": 2, "fields": {"password": "pbkdf2_sha256$870000$2MGoSvmQHHjxGtw6Avv11k$fvs+3O9Mzzode3BcB1I1EaivBO+vJBRQPxWXSoGhMOI=", "last_login": "2025-01-10T18:02:42.125Z", "is_superuser": false, "username": "adminuser", "first_name": "", "last_name": "", "email": "admin@example.com", "is_staff": false, "is_active": true, "date_joined": "2024-12-18T01:36:32.126Z", "groups": [], "user_permissions": []}}, {"model": "auth.user", "pk": 3, "fields": {"password": "pbkdf2_sha256$870000$voCeBl6hfPpTwHhNT9MO9Z$YZ/8222Slub2fdyjUs9nsbQ6TF4RnmZLGT7jv9mm4EI=", "last_login": "2025-01-09T12:39:44.605Z", "is_superuser": false, "username": "instructoruser", "first_name": "", "last_name": "", "email": "instructor@example.com", "is_staff": false, "is_active": true, "date_joined": "2024-12-18T01:36:49.623Z", "groups": [], "user_permissions": []}}, {"model": "auth.user", "pk": 4, "fields": {"password": "pbkdf2_sha256$870000$sAMr0mFSjw1fipQvcnndzj$t+IoLx8+5kWii72JiueI7phMAjmRuFEEzP5Btqbpzro=", "last_login": "2025-01-10T17:23:22.090Z", "is_superuser": false, "username": "aprendizuser", "first_name": "", "last_name": "", "email": "aprendiz@example.com", "is_staff": false, "is_active": true, "date_joined": "2024-12-18T01:37:11.175Z", "groups": [], "user_permissions": []}}, {"model": "auth.user", "pk": 5, "fields": {"password": "pbkdf2_sha256$870000$JLa8v1U016p94952fakuJL$3ffFOz80NfbUFrvH3/ZP5BeUZ3EuoHBxaCNVI6wMTRE=", "last_login": "2025-01-10T18:06:04.842Z", "is_superuser": false, "username": "lideruser", "first_name": "", "last_name": "", "email": "lider@example.com", "is_staff": false, "is_active": true, "date_joined": "2024-12-18T01:37:31.335Z", "groups": [], "user_permissions": []}}, {"model": "auth.user", "pk": 6, "fields": {"password": "pbkdf2_sha256$870000$vx30tKiJ4S3B6sB9CUkSRP$9tcVxbctZlyUzmESU35Ml0YfrowByDas0XX2naPBWM8=", "last_login": "2024-12-30T22:30:45.381Z", "is_superuser": false, "username": "instructoruser2", "first_name": "", "last_name": "", "email": "prueba@prueba.com", "is_staff": false, "is_active": true, "date_joined": "2024-12-20T14:05:29.111Z", "groups": [], "user_permissions": []}}, {"model": "auth.user", "pk": 7, "fields": {"password": "pbkdf2_sha256$870000$EILhAOYbyQMuqL8si1bYn6$ZvziwvpYk32fvTNJVtbkTS2hjHiFS95I4X3HQj0A30E=", "last_login": "2025-01-09T11:59:43.275Z", "is_superuser": false, "username": "aprendizuser2", "first_name": "", "last_name": "", "email": "prueba@prueba.com", "is_staff": false, "is_active": true, "date_joined": "2025-01-09T03:11:19.231Z", "groups": [], "user_permissions": []}}, {"model": "auth.user", "pk": 15, "fields": {"password": "pbkdf2_sha256$870000$mritLwnjdqwzHS5LPc6S3p$pTEthsfExR9cAM8JlN1tA91Ci2SUKDs2YU8REEmmV58=", "last_login": "2025-01-10T17:24:06.309Z", "is_superuser": false, "username": "camilauser", "first_name": "", "last_name": "", "email": "camilacampo1001@gmail.com", "is_staff": false, "is_active": true, "date_joined": "2025-01-10T01:41:54.278Z", "groups": [], "user_permissions": []}}, {"model": "contenttypes.contenttype", "pk": 1, "fields": {"app_label": "admin", "model": "logentry"}}, {"model": "contenttypes.contenttype", "pk": 2, "fields": {"app_label": "auth", "model": "permission"}}, {"model": "contenttypes.contenttype", "pk": 3, "fields": {"app_label": "auth", "model": "group"}}, {"model": "contenttypes.contenttype", "pk": 4, "fields": {"app_label": "auth", "model": "user"}}, {"model": "contenttypes.contenttype", "pk": 5, "fields": {"app_label": "contenttypes", "model": "contenttype"}}, {"model": "contenttypes.contenttype", "pk": 6, "fields": {"app_label": "sessions", "model": "session"}}, {"model": "contenttypes.contenttype", "pk": 7, "fields": {"app_label": "tasks", "model": "tasks"}}, {"model": "contenttypes.contenttype", "pk": 8, "fields": {"app_label": "commons", "model": "t_acti"}}, {"model": "contenttypes.contenttype", "pk": 9, "fields": {"app_label": "commons", "model": "t_apre"}}, {"model": "contenttypes.contenttype", "pk": 10, "fields": {"app_label": "commons", "model": "t_centro_forma"}}, {"model": "contenttypes.contenttype", "pk": 11, "fields": {"app_label": "commons", "model": "t_crono"}}, {"model": "contenttypes.contenttype", "pk": 12, "fields": {"app_label": "commons", "model": "t_descri"}}, {"model": "contenttypes.contenttype", "pk": 13, "fields": {"app_label": "commons", "model": "t_docu"}}, {"model": "contenttypes.contenttype", "pk": 14, "fields": {"app_label": "commons", "model": "t_encu"}}, {"model": "contenttypes.contenttype", "pk": 15, "fields": {"app_label": "commons", "model": "t_guia"}}, {"model": "contenttypes.contenttype", "pk": 16, "fields": {"app_label": "commons", "model": "t_insti_edu"}}, {"model": "contenttypes.contenttype", "pk": 17, "fields": {"app_label": "commons", "model": "t_instru"}}, {"model": "contenttypes.contenttype", "pk": 18, "fields": {"app_label": "commons", "model": "t_nove"}}, {"model": "contenttypes.contenttype", "pk": 19, "fields": {"app_label": "commons", "model": "t_progra"}}, {"model": "contenttypes.contenttype", "pk": 20, "fields": {"app_label": "commons", "model": "t_recu"}}, {"model": "contenttypes.contenttype", "pk": 21, "fields": {"app_label": "commons", "model": "t_repre_legal"}}, {"model": "contenttypes.contenttype", "pk": 22, "fields": {"app_label": "commons", "model": "t_acti_descri"}}, {"model": "contenttypes.contenttype", "pk": 23, "fields": {"app_label": "commons", "model": "t_acti_ficha"}}, {"model": "contenttypes.contenttype", "pk": 24, "fields": {"app_label": "commons", "model": "t_acti_apre"}}, {"model": "contenttypes.contenttype", "pk": 25, "fields": {"app_label": "commons", "model": "t_acti_docu"}}, {"model": "contenttypes.contenttype", "pk": 26, "fields": {"app_label": "commons", "model": "t_docu_proce"}}, {"model": "contenttypes.contenttype", "pk": 27, "fields": {"app_label": "commons", "model": "t_guia_docu"}}, {"model": "contenttypes.contenttype", "pk": 28, "fields": {"app_label": "commons", "model": "t_ficha"}}, {"model": "contenttypes.contenttype", "pk": 29, "fields": {"app_label": "commons", "model": "t_crite_eva"}}, {"model": "contenttypes.contenttype", "pk": 30, "fields": {"app_label": "commons", "model": "t_encu_apre"}}, {"model": "contenttypes.contenttype", "pk": 31, "fields": {"app_label": "commons", "model": "t_fase_ficha"}}, {"model": "contenttypes.contenttype", "pk": 32, "fields": {"app_label": "commons", "model": "t_nove_ficha"}}, {"model": "contenttypes.contenttype", "pk": 33, "fields": {"app_label": "commons", "model": "t_nove_docu"}}, {"model": "contenttypes.contenttype", "pk": 34, "fields": {"app_label": "commons", "model": "t_perfil"}}, {"model": "contenttypes.contenttype", "pk": 35, "fields": {"app_label": "commons", "model": "t_lider"}}, {"model": "contenttypes.contenttype", "pk": 36, "fields": {"app_label": "commons", "model": "t_admin"}}, {"model": "contenttypes.contenttype", "pk": 37, "fields": {"app_label": "commons", "model": "t_compe"}}, {"model": "contenttypes.contenttype", "pk": 38, "fields": {"app_label": "commons", "model": "t_raps"}}, {"model": "contenttypes.contenttype", "pk": 39, "fields": {"app_label": "commons", "model": "t_acti_recu"}}, {"model": "contenttypes.contenttype", "pk": 40, "fields": {"app_label": "commons", "model": "t_subtipo_nove"}}, {"model": "contenttypes.contenttype", "pk": 41, "fields": {"app_label": "commons", "model": "t_tipo_nove"}}, {"model": "contenttypes.contenttype", "pk": 42, "fields": {"app_label": "commons", "model": "t_tipo_acti"}}, {"model": "contenttypes.contenttype", "pk": 43, "fields": {"app_label": "commons", "model": "t_rap_acti"}}, {"model": "contenttypes.contenttype", "pk": 44, "fields": {"app_label": "commons", "model": "t_raps_acti"}}, {"model": "contenttypes.contenttype", "pk": 45, "fields": {"app_label": "commons", "model": "t_raps_ficha"}}, {"model": "contenttypes.contenttype", "pk": 46, "fields": {"app_label": "commons", "model": "t_documentfolder"}}, {"model": "contenttypes.contenttype", "pk": 47, "fields": {"app_label": "commons", "model": "t_documentcontent"}}, {"model": "contenttypes.contenttype", "pk": 48, "fields": {"app_label": "commons", "model": "t_documentfolderaprendiz"}}, {"model": "contenttypes.contenttype", "pk": 49, "fields": {"app_label": "commons", "model": "t_departa"}}, {"model": "contenttypes.contenttype", "pk": 50, "fields": {"app_label": "commons", "model": "t_munici"}}, {"model": "contenttypes.contenttype", "pk": 51, "fields": {"app_label": "commons", "model": "t_prematri_docu"}}, {"model": "contenttypes.contenttype", "pk": 52, "fields": {"app_label": "commons", "model": "t_insti_docu"}}, {"model": "sessions.session", "pk": "0lyhm32rtu2x4vvjkkgnogscgvry37qu", "fields": {"session_data": ".eJxVjDsOwjAQBe_iGlkOXv8o6TmDteu1cQA5UpxUiLuTSCmgfTPz3iLiutS49jzHkcVFnMXpdyNMz9x2wA9s90mmqS3zSHJX5EG7vE2cX9fD_Tuo2OtWk7IAmhW7TAlBMQXjcPDGA2rMG9GD5ZK0sQbQ2KAICjsPweqkfBGfL-K8N58:1tNjj1:_IaEU5dwGDTsmurE3cKoCiDkuXLBI8rGqLLWAVwaXtQ", "expire_date": "2024-12-18T02:43:47.567Z"}}, {"model": "sessions.session", "pk": "0ms2yskxlzdykj66v2db8arqukqjlpnb", "fields": {"session_data": ".eJxVjDsOwjAQBe_iGlnZtdfElPQ5g7X-4QCypTipEHeHSCmgfTPzXsLxtha39bS4OYqLMOL0u3kOj1R3EO9cb02GVtdl9nJX5EG7nFpMz-vh_h0U7uVbI7GGEdBqUoaBBk8WvUJIZxMhKG-MVQA6Ew6YPXPgzCoToE5h1CTeH6u0NvU:1tSOHk:iuQs4jKPDKN5pamORRZpGJuORsDr06yfp0A5SPGc_MA", "expire_date": "2024-12-30T22:50:52.177Z"}}, {"model": "sessions.session", "pk": "21vm76fjde3wv24or3y1xptvhb88t5e6", "fields": {"session_data": ".eJxVjDsOwjAQBe_iGlnZtdfElPQ5g7X-4QCypTipEHeHSCmgfTPzXsLxtha39bS4OYqLMOL0u3kOj1R3EO9cb02GVtdl9nJX5EG7nFpMz-vh_h0U7uVbI7GGEdBqUoaBBk8WvUJIZxMhKG-MVQA6Ew6YPXPgzCoToE5h1CTeH6u0NvU:1tOoqX:78T4JHK-T4zy5gAg2ERXid_pSum5Q-cSehjH9wvI5qo", "expire_date": "2024-12-21T02:24:01.302Z"}}, {"model": "sessions.session", "pk": "2g6s4yy9ui4xxqell44lr5dgv56g3m3m", "fields": {"session_data": ".eJxVjEEOwiAQRe_C2hAZaQdcuu8ZyAwMUjU0Ke3KeHfbpAvd_vfef6tA61LC2mQOY1JXZdXpd2OKT6k7SA-q90nHqS7zyHpX9EGbHqYkr9vh_h0UamWrHfrOo7-wIyCfPbFQF60wnRlAXBY0wP0GbebcR8xgjAXDGRiToPp8Afw3OMY:1tVk1x:IX7B3nS54CgarW7qETWupTm1-ZOlK0j0BSR2njmwRNU", "expire_date": "2025-01-09T04:40:25.655Z"}}, {"model": "sessions.session", "pk": "3j6a5l884h3jq7rv36ya30e2p6ltcsw2", "fields": {"session_data": ".eJxVjMsOwiAQAP-FsyE8XNh69O43kIWlUjWQlPZk_HdD0oNeZybzFoH2rYS95zUsLC5Ci9Mvi5SeuQ7BD6r3JlOr27pEORJ52C5vjfPrerR_g0K9jG1E54mRMHtlLcGUlEEgbcx5StpF8Kw9w6x9Bp8JAZKakV3kqCw78fkCzss3pQ:1tNijb:Brn6j93rT2Fg9O-KfBW6x1ukYWU83_epr1QdeT0D1jU", "expire_date": "2024-12-18T01:40:19.460Z"}}, {"model": "sessions.session", "pk": "44e7pz1df4gnvuo72pb3p7n137cm2dnk", "fields": {"session_data": ".eJxVjDsOwjAQBe_iGlkOXv8o6TmDteu1cQA5UpxUiLuTSCmgfTPz3iLiutS49jzHkcVFnMXpdyNMz9x2wA9s90mmqS3zSHJX5EG7vE2cX9fD_Tuo2OtWk7IAmhW7TAlBMQXjcPDGA2rMG9GD5ZK0sQbQ2KAICjsPweqkfBGfL-K8N58:1tNkwM:FXT7SNEseZlty-KuZYUMWuTLGCRyhkPYGV0RgSy3aE8", "expire_date": "2024-12-18T04:01:38.305Z"}}, {"model": "sessions.session", "pk": "4g6fg072flri69wtxcxhkw5hwuii9q40", "fields": {"session_data": ".eJxVjEEOwiAQRe_C2hAZaQdcuu8ZyAwMUjU0Ke3KeHfbpAvd_vfef6tA61LC2mQOY1JXZdXpd2OKT6k7SA-q90nHqS7zyHpX9EGbHqYkr9vh_h0UamWrHfrOo7-wIyCfPbFQF60wnRlAXBY0wP0GbebcR8xgjAXDGRiToPp8Afw3OMY:1tVs1w:u7Lx_Wcr0JDA43_5FZn68aTD38Wwmg3s4tTIxqQgZKw", "expire_date": "2025-01-09T13:12:56.084Z"}}, {"model": "sessions.session", "pk": "4gmhdzgcpz49lmolqfmsqaaxb1yrs9hs", "fields": {"session_data": ".eJxVjDsOwjAQBe_iGlnJ-ruU9JzB2vUHB5AjxUmFuDtESgHtm5n3EoG2tYat5yVMSZyFEqffjSk-cttBulO7zTLObV0mlrsiD9rldU75eTncv4NKvX7rMQ_KIMSCHlWhYu3oODJbRshKIzpTwBEbKFwiD0lr5clCJg-AHMX7A-lqOEE:1tQFDd:CuDNps0ywQoJwN5CW3tsUFNAZFXzkOMnvf0IpyGYN84", "expire_date": "2024-12-25T00:45:45.911Z"}}, {"model": "sessions.session", "pk": "567nfjhfmwz9iiiac5iecrziz6erws61", "fields": {"session_data": ".eJxVjDsOwjAQBe_iGlnJ-ruU9JzB2vUHB5AjxUmFuDtESgHtm5n3EoG2tYat5yVMSZyFEqffjSk-cttBulO7zTLObV0mlrsiD9rldU75eTncv4NKvX7rMQ_KIMSCHlWhYu3oODJbRshKIzpTwBEbKFwiD0lr5clCJg-AHMX7A-lqOEE:1tP0lT:NmRLcO5sM-OD9s4GZu3ytxR82IDWDNoRySkWceGdAnw", "expire_date": "2024-12-21T15:07:35.515Z"}}, {"model": "sessions.session", "pk": "5e75notvgprj0fcume4qkxdythu2c0bx", "fields": {"session_data": ".eJxVjDsOwjAQBe_iGlnJ-ruU9JzB2vUHB5AjxUmFuDtESgHtm5n3EoG2tYat5yVMSZyFEqffjSk-cttBulO7zTLObV0mlrsiD9rldU75eTncv4NKvX7rMQ_KIMSCHlWhYu3oODJbRshKIzpTwBEbKFwiD0lr5clCJg-AHMX7A-lqOEE:1tQ7DH:IQ348pLob44Ch7xsrOkcnEa_v2oGVR8MBlJ92LIq14A", "expire_date": "2024-12-24T16:12:51.505Z"}}, {"model": "sessions.session", "pk": "6c9yj27yhxnznjbwbx5aa53itwp2bm8r", "fields": {"session_data": ".eJxVjDsOwjAQBe_iGlnJ-ruU9JzB2vUHB5AjxUmFuDtESgHtm5n3EoG2tYat5yVMSZyFEqffjSk-cttBulO7zTLObV0mlrsiD9rldU75eTncv4NKvX7rMQ_KIMSCHlWhYu3oODJbRshKIzpTwBEbKFwiD0lr5clCJg-AHMX7A-lqOEE:1tOUIz:WqzTKCeOsgfpUPHyPNqEja1HoB3_bRjtAZWJzRJDW_4", "expire_date": "2024-12-20T04:28:01.958Z"}}, {"model": "sessions.session", "pk": "6olpwsrg4kcks46nf3mya4xy3jmo8msp", "fields": {"session_data": ".eJxVjDsOwjAQBe_iGlnJ-ruU9JzB2vUHB5AjxUmFuDtESgHtm5n3EoG2tYat5yVMSZyFEqffjSk-cttBulO7zTLObV0mlrsiD9rldU75eTncv4NKvX7rMQ_KIMSCHlWhYu3oODJbRshKIzpTwBEbKFwiD0lr5clCJg-AHMX7A-lqOEE:1tQE2s:eomqtzZqP-QIigXgjtWq1lzByoMt9dJ9mGPdpdMWqQQ", "expire_date": "2024-12-24T23:30:34.305Z"}}, {"model": "sessions.session", "pk": "6z9rqa95wdc604dpb3s6ohapmap0qvnv", "fields": {"session_data": ".eJxVjMsOwiAQRf-FtSFAeVSX7v0GMjMwUjWQlHZl_HfbpAvd3nPOfYsI61Li2vMcpyQuwonT74ZAz1x3kB5Q701Sq8s8odwVedAuby3l1_Vw_w4K9LLVSJrtwODYKu2UZ09s2NLZIvsxQCDK2jhDetSoBzZZpS1I1hmFYQji8wX3NTf0:1tWHEP:dxdKLcrMo37anVKY6gY6lgR9p7bGcdr4JRFsGxw7UCo", "expire_date": "2025-01-10T16:07:29.704Z"}}, {"model": "sessions.session", "pk": "782l7n8hy150xzitwu04n4j4tmg8ljid", "fields": {"session_data": ".eJxVjDsOwjAQBe_iGlnJ-ruU9JzB2vUHB5AjxUmFuDtESgHtm5n3EoG2tYat5yVMSZyFEqffjSk-cttBulO7zTLObV0mlrsiD9rldU75eTncv4NKvX7rMQ_KIMSCHlWhYu3oODJbRshKIzpTwBEbKFwiD0lr5clCJg-AHMX7A-lqOEE:1tSP0i:EfQ6XuQMXji-bS0ymgJ9YEekOsYLrliouMqZUa69sXc", "expire_date": "2024-12-30T23:37:20.882Z"}}, {"model": "sessions.session", "pk": "8awo6ugfnhztoj2ct4hnqunq177b9rut", "fields": {"session_data": ".eJxVjDsOwjAQBe_iGlnJ-ruU9JzB2vUHB5AjxUmFuDtESgHtm5n3EoG2tYat5yVMSZyFEqffjSk-cttBulO7zTLObV0mlrsiD9rldU75eTncv4NKvX7rMQ_KIMSCHlWhYu3oODJbRshKIzpTwBEbKFwiD0lr5clCJg-AHMX7A-lqOEE:1tONUp:CYI1NwDZEQjefoiy9D1m1kVXCzxqDpAemlBi6mjRdjs", "expire_date": "2024-12-19T21:11:47.574Z"}}, {"model": "sessions.session", "pk": "8xcn7o09par2434s2j0seov0rbz8et2s", "fields": {"session_data": ".eJxVjDsOwjAQBe_iGlnJ-ruU9JzB2vUHB5AjxUmFuDtESgHtm5n3EoG2tYat5yVMSZyFEqffjSk-cttBulO7zTLObV0mlrsiD9rldU75eTncv4NKvX7rMQ_KIMSCHlWhYu3oODJbRshKIzpTwBEbKFwiD0lr5clCJg-AHMX7A-lqOEE:1tVZTZ:PHQ5Cw0RmZmQ3VQrHslKcjmxdjG12wmwAqmhEwZ8J4M", "expire_date": "2025-01-08T17:24:13.428Z"}}, {"model": "sessions.session", "pk": "8ydfarkqx7cx8jh11r3xwn44rp36jnpd", "fields": {"session_data": ".eJxVjDsOwjAQBe_iGlnJ-ruU9JzB2vUHB5AjxUmFuDtESgHtm5n3EoG2tYat5yVMSZyFEqffjSk-cttBulO7zTLObV0mlrsiD9rldU75eTncv4NKvX7rMQ_KIMSCHlWhYu3oODJbRshKIzpTwBEbKFwiD0lr5clCJg-AHMX7A-lqOEE:1tQFlN:DWJtI3-renxfcovQnCSY5pAVNbbrvdA15zHbUdYFa-4", "expire_date": "2024-12-25T01:20:37.493Z"}}, {"model": "sessions.session", "pk": "9ny3bm4ky3poowih5su4bw5gl42ss92x", "fields": {"session_data": ".eJxVjDsOwjAQBe_iGlnJ-ruU9JzB2vUHB5AjxUmFuDtESgHtm5n3EoG2tYat5yVMSZyFEqffjSk-cttBulO7zTLObV0mlrsiD9rldU75eTncv4NKvX7rMQ_KIMSCHlWhYu3oODJbRshKIzpTwBEbKFwiD0lr5clCJg-AHMX7A-lqOEE:1tQb5H:HoIZpL9mxboqyNCzZsCNV8NInIB8WZU81eY6tdR3zoQ", "expire_date": "2024-12-26T00:06:35.593Z"}}, {"model": "sessions.session", "pk": "aod3lnzy99aqf9w9f7i7twplcbmweaya", "fields": {"session_data": ".eJxVjDsOwjAQBe_iGlnJ-ruU9JzB2vUHB5AjxUmFuDtESgHtm5n3EoG2tYat5yVMSZyFEqffjSk-cttBulO7zTLObV0mlrsiD9rldU75eTncv4NKvX7rMQ_KIMSCHlWhYu3oODJbRshKIzpTwBEbKFwiD0lr5clCJg-AHMX7A-lqOEE:1tQ9Fe:lbfT_C85JkqDCOJV75rkS2BIe_BGAoNcTPPZgO0jWMA", "expire_date": "2024-12-24T18:23:26.481Z"}}, {"model": "sessions.session", "pk": "aqz2sgovdeog6nnpsa28epecxo2c92i1", "fields": {"session_data": ".eJxVjEEOwiAQRe_C2hCKQKcu3XsGMswMtmogKe3KeHfbpAvd_vfef6uI6zLGtckcJ1YX1Xl1-h0T0lPKTviB5V411bLMU9K7og_a9K2yvK6H-3cwYhu3OvuhIx-SB-uIxSF46cmIRbLAsMEekDOkcz8I5kAcknRoechg0Dj1-QIjJzkG:1tW4Nh:u-pGCrwMl6mSg_ssVw802pWe1c9WxVtz8Sfkc7dJg-M", "expire_date": "2025-01-10T02:24:13.788Z"}}, {"model": "sessions.session", "pk": "b59j81b98abefarhzan0z8e8dntny15g", "fields": {"session_data": "e30:1tVjkc:8o6TYOgwzCC4Olax26Kf9LktE6zQU65P2Ua8W10CZUs", "expire_date": "2025-01-09T04:22:30.754Z"}}, {"model": "sessions.session", "pk": "bbcvqmuebc4i14tnztf3ejyl8ji0y00b", "fields": {"session_data": ".eJxVjDsOwjAQBe_iGlnJ-ruU9JzB2vUHB5AjxUmFuDtESgHtm5n3EoG2tYat5yVMSZyFEqffjSk-cttBulO7zTLObV0mlrsiD9rldU75eTncv4NKvX7rMQ_KIMSCHlWhYu3oODJbRshKIzpTwBEbKFwiD0lr5clCJg-AHMX7A-lqOEE:1tSlna:WzkWkSxLRXLo6ABE-vkDmr1-6Zl24Cqy-pAdhtpNFfU", "expire_date": "2024-12-31T23:57:18.619Z"}}, {"model": "sessions.session", "pk": "bijm8nblo0b5gh8artcde08iuxk617bh", "fields": {"session_data": ".eJxVjDsOwjAQBe_iGlnJ-ruU9JzB2vUHB5AjxUmFuDtESgHtm5n3EoG2tYat5yVMSZyFEqffjSk-cttBulO7zTLObV0mlrsiD9rldU75eTncv4NKvX7rMQ_KIMSCHlWhYu3oODJbRshKIzpTwBEbKFwiD0lr5clCJg-AHMX7A-lqOEE:1tQYAh:3ePws7mrakeC7NVyqphTUuUxq3YP1QmFobGYSjn5rHQ", "expire_date": "2024-12-25T20:59:59.668Z"}}, {"model": "sessions.session", "pk": "bistyk3r1mbeen714k237sepm0rpojvc", "fields": {"session_data": ".eJxVjMsOwiAQRf-FtSFAeVSX7v0GMjMwUjWQlHZl_HfbpAvd3nPOfYsI61Li2vMcpyQuwonT74ZAz1x3kB5Q701Sq8s8odwVedAuby3l1_Vw_w4K9LLVSJrtwODYKu2UZ09s2NLZIvsxQCDK2jhDetSoBzZZpS1I1hmFYQji8wX3NTf0:1tW4n6:lvWwuQ1snvjj1qQwwvqJZ_FupEumMRb2sO5LUIHWqq4", "expire_date": "2025-01-10T02:50:28.391Z"}}, {"model": "sessions.session", "pk": "br8al0z0c2fftmo1bn8pdbawhc8ggjg1", "fields": {"session_data": ".eJxVjMsOwiAQRf-FtSFAeVSX7v0GMjMwUjWQlHZl_HfbpAvd3nPOfYsI61Li2vMcpyQuwonT74ZAz1x3kB5Q701Sq8s8odwVedAuby3l1_Vw_w4K9LLVSJrtwODYKu2UZ09s2NLZIvsxQCDK2jhDetSoBzZZpS1I1hmFYQji8wX3NTf0:1tVfHV:Wq0wsfBnDnmef8rmaK6IvBUT1Bt4BkvfwZ8JqnAcef0", "expire_date": "2025-01-08T23:36:09.150Z"}}, {"model": "sessions.session", "pk": "btmx06wa03580n0vs6anos9yawr97m4g", "fields": {"session_data": ".eJxVjDsOwjAQBe_iGlnJ-ruU9JzB2vUHB5AjxUmFuDtESgHtm5n3EoG2tYat5yVMSZyFEqffjSk-cttBulO7zTLObV0mlrsiD9rldU75eTncv4NKvX7rMQ_KIMSCHlWhYu3oODJbRshKIzpTwBEbKFwiD0lr5clCJg-AHMX7A-lqOEE:1tQDbg:mgGAyD4zy4xg_1cwBQHCbdb_EmE-OIwvYUS5aMe-O9M", "expire_date": "2024-12-24T23:02:28.721Z"}}, {"model": "sessions.session", "pk": "buugliut8a7qh6mj80npg9j339xtexc2", "fields": {"session_data": ".eJxVjDsOwjAQBe_iGlkOXv8o6TmDteu1cQA5UpxUiLuTSCmgfTPz3iLiutS49jzHkcVFnMXpdyNMz9x2wA9s90mmqS3zSHJX5EG7vE2cX9fD_Tuo2OtWk7IAmhW7TAlBMQXjcPDGA2rMG9GD5ZK0sQbQ2KAICjsPweqkfBGfL-K8N58:1tVdiu:q_3Es4PISyXq8N3Lf7OjO9oyEh4Q7VBApfQc-StrB0g", "expire_date": "2025-01-08T21:56:20.343Z"}}, {"model": "sessions.session", "pk": "c5haw9wqteqzxietwtsp92qhkcv3b4l1", "fields": {"session_data": ".eJxVjDsOwjAQBe_iGlnJ-ruU9JzB2vUHB5AjxUmFuDtESgHtm5n3EoG2tYat5yVMSZyFEqffjSk-cttBulO7zTLObV0mlrsiD9rldU75eTncv4NKvX7rMQ_KIMSCHlWhYu3oODJbRshKIzpTwBEbKFwiD0lr5clCJg-AHMX7A-lqOEE:1tShgO:LIvcWDYqVd088131n_-rGFNo5yptTz0TUiqFLJos1Us", "expire_date": "2024-12-31T19:33:36.112Z"}}, {"model": "sessions.session", "pk": "cntad8mu8uq2wxd24bl2fxcqq2cybnuv", "fields": {"session_data": ".eJxVjDsOwjAQBe_iGlnJ-ruU9JzB2vUHB5AjxUmFuDtESgHtm5n3EoG2tYat5yVMSZyFEqffjSk-cttBulO7zTLObV0mlrsiD9rldU75eTncv4NKvX7rMQ_KIMSCHlWhYu3oODJbRshKIzpTwBEbKFwiD0lr5clCJg-AHMX7A-lqOEE:1tS3RJ:6kzUlZCA6S7MnpsTSfvg0nn8UM2fx0aSOUaf0WXQIfo", "expire_date": "2024-12-30T00:35:21.990Z"}}, {"model": "sessions.session", "pk": "ct137tfshmbntymivkakvfgl0kibmlrw", "fields": {"session_data": ".eJxVjDsOwjAQBe_iGlnJ-ruU9JzB2vUHB5AjxUmFuDtESgHtm5n3EoG2tYat5yVMSZyFEqffjSk-cttBulO7zTLObV0mlrsiD9rldU75eTncv4NKvX7rMQ_KIMSCHlWhYu3oODJbRshKIzpTwBEbKFwiD0lr5clCJg-AHMX7A-lqOEE:1tTVhk:S0I5xUrop7jLu2FIUCQIBFg9bzWYSUTJS77h5DT2bUg", "expire_date": "2025-01-03T00:58:20.413Z"}}, {"model": "sessions.session", "pk": "duc0lp27y7t3lwzu0e8sucdx0ehzgiw0", "fields": {"session_data": ".eJxVjDsOwjAQBe_iGlkOXv8o6TmDteu1cQA5UpxUiLuTSCmgfTPz3iLiutS49jzHkcVFnMXpdyNMz9x2wA9s90mmqS3zSHJX5EG7vE2cX9fD_Tuo2OtWk7IAmhW7TAlBMQXjcPDGA2rMG9GD5ZK0sQbQ2KAICjsPweqkfBGfL-K8N58:1tW1bO:tCCGpXBGtATl-AUQAyiIqR5OO6sGhHVVBKGlaieVQiE", "expire_date": "2025-01-09T23:26:10.677Z"}}, {"model": "sessions.session", "pk": "dzuw3bxvxjbbuvpzlegqv9m8kkh5h7p7", "fields": {"session_data": ".eJxVjDsOwjAQBe_iGlnJ-ruU9JzB2vUHB5AjxUmFuDtESgHtm5n3EoG2tYat5yVMSZyFEqffjSk-cttBulO7zTLObV0mlrsiD9rldU75eTncv4NKvX7rMQ_KIMSCHlWhYu3oODJbRshKIzpTwBEbKFwiD0lr5clCJg-AHMX7A-lqOEE:1tTSHb:oFFbXCOQTiOzmkkH_XbOyJAluQ4W4annf3095E9R9SU", "expire_date": "2025-01-02T21:19:07.399Z"}}, {"model": "sessions.session", "pk": "fe4oz4tmoxmtzlw934tf584b5jdkq6h8", "fields": {"session_data": ".eJxVjDsOwjAQBe_iGlnJ-ruU9JzB2vUHB5AjxUmFuDtESgHtm5n3EoG2tYat5yVMSZyFEqffjSk-cttBulO7zTLObV0mlrsiD9rldU75eTncv4NKvX7rMQ_KIMSCHlWhYu3oODJbRshKIzpTwBEbKFwiD0lr5clCJg-AHMX7A-lqOEE:1tPhkR:JaZXpg3dXx2_oHI0PjJKmmNnsrnDxQkeyqrp3dqUrA0", "expire_date": "2024-12-23T13:01:23.409Z"}}, {"model": "sessions.session", "pk": "fgbl0slm742q37x186mdfjfv701j7zf4", "fields": {"session_data": ".eJxVjDsOwjAQBe_iGlnJ-ruU9JzB2vUHB5AjxUmFuDtESgHtm5n3EoG2tYat5yVMSZyFEqffjSk-cttBulO7zTLObV0mlrsiD9rldU75eTncv4NKvX7rMQ_KIMSCHlWhYu3oODJbRshKIzpTwBEbKFwiD0lr5clCJg-AHMX7A-lqOEE:1tTRsJ:yr42tLRvtLLnmPO1D0c50GLAd3S2XBqw1dJQa3MqtzM", "expire_date": "2025-01-02T20:52:59.231Z"}}, {"model": "sessions.session", "pk": "g3732dsycstqvnj5sk8p6ieqlrdd0mns", "fields": {"session_data": ".eJxVjDsOwjAQBe_iGlnJ-ruU9JzB2vUHB5AjxUmFuDtESgHtm5n3EoG2tYat5yVMSZyFEqffjSk-cttBulO7zTLObV0mlrsiD9rldU75eTncv4NKvX7rMQ_KIMSCHlWhYu3oODJbRshKIzpTwBEbKFwiD0lr5clCJg-AHMX7A-lqOEE:1tOV4S:VGkRkyLPV4mB7dk0ildwx3TRc4ok5V8VLTl4bcsNBXw", "expire_date": "2024-12-20T05:17:04.201Z"}}, {"model": "sessions.session", "pk": "gekuy6xwfoc6jid8hs9f8p0vrkqwhuan", "fields": {"session_data": ".eJxVjDsOwjAQBe_iGlnJ-ruU9JzB2vUHB5AjxUmFuDtESgHtm5n3EoG2tYat5yVMSZyFEqffjSk-cttBulO7zTLObV0mlrsiD9rldU75eTncv4NKvX7rMQ_KIMSCHlWhYu3oODJbRshKIzpTwBEbKFwiD0lr5clCJg-AHMX7A-lqOEE:1tNv8H:1ZET7DJLd6QkH_ryWmkLEEm_2AadF36SKKHPOWEK8KY", "expire_date": "2024-12-18T14:54:37.251Z"}}, {"model": "sessions.session", "pk": "hhsk2x5kkr0vhitvej28mrrxbh71cd3o", "fields": {"session_data": ".eJxVjDsOwjAQBe_iGlnJ-ruU9JzB2vUHB5AjxUmFuDtESgHtm5n3EoG2tYat5yVMSZyFEqffjSk-cttBulO7zTLObV0mlrsiD9rldU75eTncv4NKvX7rMQ_KIMSCHlWhYu3oODJbRshKIzpTwBEbKFwiD0lr5clCJg-AHMX7A-lqOEE:1tVNfL:mZKfJPCydz52ZCp0b3LBOcJQlACf3rvOO8ApBm83gu8", "expire_date": "2025-01-08T04:47:35.597Z"}}, {"model": "sessions.session", "pk": "iu0bwkz878uuho2pz89endq87x8c8hqj", "fields": {"session_data": ".eJxVjMsOwiAQRf-FtSFAeVSX7v0GMjMwUjWQlHZl_HfbpAvd3nPOfYsI61Li2vMcpyQuwonT74ZAz1x3kB5Q701Sq8s8odwVedAuby3l1_Vw_w4K9LLVSJrtwODYKu2UZ09s2NLZIvsxQCDK2jhDetSoBzZZpS1I1hmFYQji8wX3NTf0:1tWJOZ:8rIf_yMgylZP4RI54EaGSXThsI7DNDEEeh5YU7KkJa4", "expire_date": "2025-01-10T18:26:07.683Z"}}, {"model": "sessions.session", "pk": "jcl42t1hvoo6fmqgvpg7fbwdbarhwl62", "fields": {"session_data": ".eJxVjEEOwiAQRe_C2hCKQKcu3XsGMswMtmogKe3KeHfbpAvd_vfef6uI6zLGtckcJ1YX1Xl1-h0T0lPKTviB5V411bLMU9K7og_a9K2yvK6H-3cwYhu3OvuhIx-SB-uIxSF46cmIRbLAsMEekDOkcz8I5kAcknRoechg0Dj1-QIjJzkG:1tW4C4:KuxM53jpLwQUF2l0laBzuJY7V1GilFLyHoU_LQeIgGI", "expire_date": "2025-01-10T02:12:12.559Z"}}, {"model": "sessions.session", "pk": "jli5sywn2la2cvj9rhri2bgew1s21hhi", "fields": {"session_data": ".eJxVjDsOwjAQBe_iGlnJ-ruU9JzB2vUHB5AjxUmFuDtESgHtm5n3EoG2tYat5yVMSZyFEqffjSk-cttBulO7zTLObV0mlrsiD9rldU75eTncv4NKvX7rMQ_KIMSCHlWhYu3oODJbRshKIzpTwBEbKFwiD0lr5clCJg-AHMX7A-lqOEE:1tOdnE:zRHQAuBSRMPQ-bwn9lgussZpVIB3Dr5yi7ze3LQsJEI", "expire_date": "2024-12-20T14:35:52.838Z"}}, {"model": "sessions.session", "pk": "jrv0oixoa2xlyq31ysqzhx6qj5jibwci", "fields": {"session_data": "e30:1tVjnu:u_WrY0dJdPmpAWsKiiMDIqrp4cBVtu21KCrrl3mq4DY", "expire_date": "2025-01-09T04:25:54.074Z"}}, {"model": "sessions.session", "pk": "k6q6i9ztau09pxpifm7awf369h46bos9", "fields": {"session_data": ".eJxVjEEOwiAQRe_C2hAZaQdcuu8ZyAwMUjU0Ke3KeHfbpAvd_vfef6tA61LC2mQOY1JXZdXpd2OKT6k7SA-q90nHqS7zyHpX9EGbHqYkr9vh_h0UamWrHfrOo7-wIyCfPbFQF60wnRlAXBY0wP0GbebcR8xgjAXDGRiToPp8Afw3OMY:1tWH95:XlGVeKF9UbPm106dQmbq3S77neoBHyeYjXSKCx3Ovf4", "expire_date": "2025-01-10T16:01:59.214Z"}}, {"model": "sessions.session", "pk": "lafw86jjice9unvvsn6btmtxqvkrr4nj", "fields": {"session_data": ".eJxVjDsOwjAQBe_iGlnJ-ruU9JzB2vUHB5AjxUmFuDtESgHtm5n3EoG2tYat5yVMSZyFEqffjSk-cttBulO7zTLObV0mlrsiD9rldU75eTncv4NKvX7rMQ_KIMSCHlWhYu3oODJbRshKIzpTwBEbKFwiD0lr5clCJg-AHMX7A-lqOEE:1tQ6g8:m5YT8HzOJ_xaa7KsISh40SR-nNMl2fRv1fAA0j8j6Zs", "expire_date": "2024-12-24T15:38:36.402Z"}}, {"model": "sessions.session", "pk": "lpoe9h8e32kphjx54ah3cy6cc9roqte0", "fields": {"session_data": ".eJxVjEEOwiAQRe_C2hCKQKcu3XsGMswMtmogKe3KeHfbpAvd_vfef6uI6zLGtckcJ1YX1Xl1-h0T0lPKTviB5V411bLMU9K7og_a9K2yvK6H-3cwYhu3OvuhIx-SB-uIxSF46cmIRbLAsMEekDOkcz8I5kAcknRoechg0Dj1-QIjJzkG:1tWIkD:BrSfxt76oLxiePfXGoIFRaxckO5x9wmFwtSi8e633Fo", "expire_date": "2025-01-10T17:44:25.632Z"}}, {"model": "sessions.session", "pk": "mxexpq8gna4rugr5koa1gncsroj88gwq", "fields": {"session_data": ".eJxVjDsOwjAQBe_iGlnJ-ruU9JzB2vUHB5AjxUmFuDtESgHtm5n3EoG2tYat5yVMSZyFEqffjSk-cttBulO7zTLObV0mlrsiD9rldU75eTncv4NKvX7rMQ_KIMSCHlWhYu3oODJbRshKIzpTwBEbKFwiD0lr5clCJg-AHMX7A-lqOEE:1tQZiw:U0nAMFYQSDrgJFW1xCbmGzDgh9dW9QWgElyj-X3_9-k", "expire_date": "2024-12-25T22:39:26.620Z"}}, {"model": "sessions.session", "pk": "n3tpergupkrqzpl8rnal2wb2pa873t6o", "fields": {"session_data": "e30:1tVjk4:um5F7_1-_Rtxnm_xSTVIWaG_srZsu4CPSFQx614a6Ns", "expire_date": "2025-01-09T04:21:56.845Z"}}, {"model": "sessions.session", "pk": "n9m3li1bafy6s1302kjdm43n8iuuc3mf", "fields": {"session_data": ".eJxVjDsOwjAQBe_iGlnJ-ruU9JzB2vUHB5AjxUmFuDtESgHtm5n3EoG2tYat5yVMSZyFEqffjSk-cttBulO7zTLObV0mlrsiD9rldU75eTncv4NKvX7rMQ_KIMSCHlWhYu3oODJbRshKIzpTwBEbKFwiD0lr5clCJg-AHMX7A-lqOEE:1tO6yS:6OmePt9tb6Xpw7FI6_0_SHImTtpym4tjuCtVoDQc46o", "expire_date": "2024-12-19T03:33:16.291Z"}}, {"model": "sessions.session", "pk": "nr8jkwx8ojkbmqq19b95hg9gyznqwffs", "fields": {"session_data": ".eJxVjDsOwjAQBe_iGlnJ-ruU9JzB2vUHB5AjxUmFuDtESgHtm5n3EoG2tYat5yVMSZyFEqffjSk-cttBulO7zTLObV0mlrsiD9rldU75eTncv4NKvX7rMQ_KIMSCHlWhYu3oODJbRshKIzpTwBEbKFwiD0lr5clCJg-AHMX7A-lqOEE:1tPWZs:IgUyYMDqHYPYN3cavHR6CUowmNlr89l3O321xX7vLBY", "expire_date": "2024-12-23T01:05:44.205Z"}}, {"model": "sessions.session", "pk": "o6oq05enzn76xqw7zrvbtrlwyh00krny", "fields": {"session_data": ".eJxVjDsOwjAQBe_iGlnJ-ruU9JzB2vUHB5AjxUmFuDtESgHtm5n3EoG2tYat5yVMSZyFEqffjSk-cttBulO7zTLObV0mlrsiD9rldU75eTncv4NKvX7rMQ_KIMSCHlWhYu3oODJbRshKIzpTwBEbKFwiD0lr5clCJg-AHMX7A-lqOEE:1tSjR1:i_i2OAzJr62PtiMPfIWaKzuZyV45KGbxUWqWHfHq5lw", "expire_date": "2024-12-31T21:25:51.688Z"}}, {"model": "sessions.session", "pk": "o8l8nawgxtlknxtlrj4s1s4imx7esm9a", "fields": {"session_data": ".eJxVjDsOwjAQBe_iGlnJ-ruU9JzB2vUHB5AjxUmFuDtESgHtm5n3EoG2tYat5yVMSZyFEqffjSk-cttBulO7zTLObV0mlrsiD9rldU75eTncv4NKvX7rMQ_KIMSCHlWhYu3oODJbRshKIzpTwBEbKFwiD0lr5clCJg-AHMX7A-lqOEE:1tOjSP:cGINQsyFHVwfGfxWminXJ_RmNqq7sZw7WQURLQxDj4I", "expire_date": "2024-12-20T20:38:45.739Z"}}, {"model": "sessions.session", "pk": "oqxfxd7yls1atsyxe48bssiy7gs9ggis", "fields": {"session_data": ".eJxVjMsOwiAQRf-FtSFAeVSX7v0GMjMwUjWQlHZl_HfbpAvd3nPOfYsI61Li2vMcpyQuwonT74ZAz1x3kB5Q701Sq8s8odwVedAuby3l1_Vw_w4K9LLVSJrtwODYKu2UZ09s2NLZIvsxQCDK2jhDetSoBzZZpS1I1hmFYQji8wX3NTf0:1tWFRA:ArO3E2FxMaOLd8d9CF4I4rcC32FUwKGb9a-fY37zZxM", "expire_date": "2025-01-10T14:12:32.863Z"}}, {"model": "sessions.session", "pk": "ovemt5jji6n1ihygplqhl805j63ksqee", "fields": {"session_data": ".eJxVjEEOwiAQRe_C2hAZaQdcuu8ZyAwMUjU0Ke3KeHfbpAvd_vfef6tA61LC2mQOY1JXZdXpd2OKT6k7SA-q90nHqS7zyHpX9EGbHqYkr9vh_h0UamWrHfrOo7-wIyCfPbFQF60wnRlAXBY0wP0GbebcR8xgjAXDGRiToPp8Afw3OMY:1tVzet:ngchkUzbUNgj-X157XpfPnpWKJ48IKxnCAMdj_hEwJU", "expire_date": "2025-01-09T21:21:39.271Z"}}, {"model": "sessions.session", "pk": "prevvh9tfqftyecutq4w8jmhm9s21wvw", "fields": {"session_data": ".eJxVjEEOwiAQRe_C2hAZaQdcuu8ZyAwMUjU0Ke3KeHfbpAvd_vfef6tA61LC2mQOY1JXZdXpd2OKT6k7SA-q90nHqS7zyHpX9EGbHqYkr9vh_h0UamWrHfrOo7-wIyCfPbFQF60wnRlAXBY0wP0GbebcR8xgjAXDGRiToPp8Afw3OMY:1tVz75:BS4dKIoqg4JdCyslg5x-1Ta-4IcouwYnFFaHKYh4C2Y", "expire_date": "2025-01-09T20:46:43.379Z"}}, {"model": "sessions.session", "pk": "qrcwl7x91p1f4n0n6j9augqhofn9j96n", "fields": {"session_data": ".eJxVjDsOwjAQBe_iGlnJ-ruU9JzB2vUHB5AjxUmFuDtESgHtm5n3EoG2tYat5yVMSZyFEqffjSk-cttBulO7zTLObV0mlrsiD9rldU75eTncv4NKvX7rMQ_KIMSCHlWhYu3oODJbRshKIzpTwBEbKFwiD0lr5clCJg-AHMX7A-lqOEE:1tO3p3:D6nvHXUSyWJkSZ52LR6S8Z2QChPycPZaby2BU3b-ZUg", "expire_date": "2024-12-19T00:11:21.782Z"}}, {"model": "sessions.session", "pk": "r30p8mi1rn6lp9ug2cx6ha4bj1rejat5", "fields": {"session_data": ".eJxVjDsOwjAQBe_iGlnJ-ruU9JzB2vUHB5AjxUmFuDtESgHtm5n3EoG2tYat5yVMSZyFEqffjSk-cttBulO7zTLObV0mlrsiD9rldU75eTncv4NKvX7rMQ_KIMSCHlWhYu3oODJbRshKIzpTwBEbKFwiD0lr5clCJg-AHMX7A-lqOEE:1tOn5W:6sETfjOX00lABhe7xPSVYC5MkWDv31TT2BZoWD8ftpg", "expire_date": "2024-12-21T00:31:22.124Z"}}, {"model": "sessions.session", "pk": "r4p5ceuxf9vva3m5yvpvjwoihkd51gj4", "fields": {"session_data": ".eJxVjDsOwjAQBe_iGlkOXv8o6TmDteu1cQA5UpxUiLuTSCmgfTPz3iLiutS49jzHkcVFnMXpdyNMz9x2wA9s90mmqS3zSHJX5EG7vE2cX9fD_Tuo2OtWk7IAmhW7TAlBMQXjcPDGA2rMG9GD5ZK0sQbQ2KAICjsPweqkfBGfL-K8N58:1tVdFq:ycF9wVGxiR9TAMEpz0-1cnmMQXDJwR58rTKwElgmUGU", "expire_date": "2025-01-08T21:26:18.807Z"}}, {"model": "sessions.session", "pk": "r8s5vegtgvqofj8aormttxwgt0bt5j43", "fields": {"session_data": ".eJxVjDsOwjAQBe_iGlnJ-ruU9JzB2vUHB5AjxUmFuDtESgHtm5n3EoG2tYat5yVMSZyFEqffjSk-cttBulO7zTLObV0mlrsiD9rldU75eTncv4NKvX7rMQ_KIMSCHlWhYu3oODJbRshKIzpTwBEbKFwiD0lr5clCJg-AHMX7A-lqOEE:1tRxHo:5Kuweh1Gm9IdnnoYroa0_O58fBHi6SD_hPNSP8BsOgM", "expire_date": "2024-12-29T18:01:08.495Z"}}, {"model": "sessions.session", "pk": "raotv1c1ncikvxj2t35lj9ujtine9q8j", "fields": {"session_data": ".eJxVjDsOwjAQBe_iGlnJ-ruU9JzB2vUHB5AjxUmFuDtESgHtm5n3EoG2tYat5yVMSZyFEqffjSk-cttBulO7zTLObV0mlrsiD9rldU75eTncv4NKvX7rMQ_KIMSCHlWhYu3oODJbRshKIzpTwBEbKFwiD0lr5clCJg-AHMX7A-lqOEE:1tVFWj:X0Ui6BLRzrdCdbyk-nPco80wVfOvMwwA7hyneYnGUh8", "expire_date": "2025-01-07T20:06:09.958Z"}}, {"model": "sessions.session", "pk": "re9d45nb0s16l04znrtu6md18q3d8lsz", "fields": {"session_data": ".eJxVjDsOwjAQBe_iGlnJ-ruU9JzB2vUHB5AjxUmFuDtESgHtm5n3EoG2tYat5yVMSZyFEqffjSk-cttBulO7zTLObV0mlrsiD9rldU75eTncv4NKvX7rMQ_KIMSCHlWhYu3oODJbRshKIzpTwBEbKFwiD0lr5clCJg-AHMX7A-lqOEE:1tOfKr:Ic6oCafGRlgyMdvf7-8FEZg8yiFFq4cC4y4KTMI2Cl4", "expire_date": "2024-12-20T16:14:41.763Z"}}, {"model": "sessions.session", "pk": "ro1ybv7m8137zxenfmwx7ckgh24vr9ge", "fields": {"session_data": ".eJxVjDsOwjAQBe_iGlkOXv8o6TmDteu1cQA5UpxUiLuTSCmgfTPz3iLiutS49jzHkcVFnMXpdyNMz9x2wA9s90mmqS3zSHJX5EG7vE2cX9fD_Tuo2OtWk7IAmhW7TAlBMQXjcPDGA2rMG9GD5ZK0sQbQ2KAICjsPweqkfBGfL-K8N58:1tOkmg:aYjvkkpPnpiPIJGlbkCq0cddGF2iZcCDav9RvWX76Tc", "expire_date": "2024-12-20T22:03:46.066Z"}}, {"model": "sessions.session", "pk": "rpbsv8dufwudguf6w5vsdqdszy374gse", "fields": {"session_data": ".eJxVjDsOwjAQBe_iGlnJ-ruU9JzB2vUHB5AjxUmFuDtESgHtm5n3EoG2tYat5yVMSZyFEqffjSk-cttBulO7zTLObV0mlrsiD9rldU75eTncv4NKvX7rMQ_KIMSCHlWhYu3oODJbRshKIzpTwBEbKFwiD0lr5clCJg-AHMX7A-lqOEE:1tORgY:_1gQo5qLi4z0_JYrrNjSCIy4gaXA1wosbtwpr0VncOA", "expire_date": "2024-12-20T01:40:10.345Z"}}, {"model": "sessions.session", "pk": "s19jww1juzdrnuz78ur3pa1um0u5n5pu", "fields": {"session_data": ".eJxVjDsOwjAQBe_iGlkOXv8o6TmDteu1cQA5UpxUiLuTSCmgfTPz3iLiutS49jzHkcVFnMXpdyNMz9x2wA9s90mmqS3zSHJX5EG7vE2cX9fD_Tuo2OtWk7IAmhW7TAlBMQXjcPDGA2rMG9GD5ZK0sQbQ2KAICjsPweqkfBGfL-K8N58:1tVujr:fz9Ug_C5POGnaMXxl9fi9sgAYFcYi4MC1TeYyEeu_d0", "expire_date": "2025-01-09T16:06:27.637Z"}}, {"model": "sessions.session", "pk": "s49d2kjfmsh1zsqdyyezkmtjkvhso7pm", "fields": {"session_data": ".eJxVjDsOwjAQBe_iGlnJ-ruU9JzB2vUHB5AjxUmFuDtESgHtm5n3EoG2tYat5yVMSZyFEqffjSk-cttBulO7zTLObV0mlrsiD9rldU75eTncv4NKvX7rMQ_KIMSCHlWhYu3oODJbRshKIzpTwBEbKFwiD0lr5clCJg-AHMX7A-lqOEE:1tPlcN:xZBpsLj2kSYsf12KEPMc4mfwMt1_KTnfwsx_g7GdVI4", "expire_date": "2024-12-23T17:09:19.043Z"}}, {"model": "sessions.session", "pk": "sh983rs8yled8en2hqwcjal274rrj2kt", "fields": {"session_data": ".eJxVjDsOwjAQBe_iGlnJ-ruU9JzB2vUHB5AjxUmFuDtESgHtm5n3EoG2tYat5yVMSZyFEqffjSk-cttBulO7zTLObV0mlrsiD9rldU75eTncv4NKvX7rMQ_KIMSCHlWhYu3oODJbRshKIzpTwBEbKFwiD0lr5clCJg-AHMX7A-lqOEE:1tQsGI:cBY0I6m1Xk_KuoZyn4T8rYajl5cyrZE1Q6rvRQop-lo", "expire_date": "2024-12-26T18:27:06.459Z"}}, {"model": "sessions.session", "pk": "sza2dhvhb8nz5mzu1xc6gjbmvrg82hkw", "fields": {"session_data": ".eJxVjDsOwjAQBe_iGlnJ-ruU9JzB2vUHB5AjxUmFuDtESgHtm5n3EoG2tYat5yVMSZyFEqffjSk-cttBulO7zTLObV0mlrsiD9rldU75eTncv4NKvX7rMQ_KIMSCHlWhYu3oODJbRshKIzpTwBEbKFwiD0lr5clCJg-AHMX7A-lqOEE:1tQf2Z:blcjmZiLB88CUPQJz5_PJljsV4L2323D6PQ-6RUFZcA", "expire_date": "2024-12-26T04:20:03.068Z"}}, {"model": "sessions.session", "pk": "tyozgvcqxtffi052psh719beruzmdcvu", "fields": {"session_data": ".eJxVjDsOwjAQBe_iGlnJ-ruU9JzB2vUHB5AjxUmFuDtESgHtm5n3EoG2tYat5yVMSZyFEqffjSk-cttBulO7zTLObV0mlrsiD9rldU75eTncv4NKvX7rMQ_KIMSCHlWhYu3oODJbRshKIzpTwBEbKFwiD0lr5clCJg-AHMX7A-lqOEE:1tPDwg:DT5pTqALzCu1PrAeQplucrLLi4rPSl28rLf9PF552W0", "expire_date": "2024-12-22T05:12:02.532Z"}}, {"model": "sessions.session", "pk": "u6wcxyyf5l5lhi01qml53qnrj2o7tcub", "fields": {"session_data": ".eJxVjDsOwjAQBe_iGlnJ-ruU9JzB2vUHB5AjxUmFuDtESgHtm5n3EoG2tYat5yVMSZyFEqffjSk-cttBulO7zTLObV0mlrsiD9rldU75eTncv4NKvX7rMQ_KIMSCHlWhYu3oODJbRshKIzpTwBEbKFwiD0lr5clCJg-AHMX7A-lqOEE:1tOoNP:xKwFnpVuJKr1nmMPTO0GcJw3UvQwNo9cdOo1YkV12rI", "expire_date": "2024-12-21T01:53:55.477Z"}}, {"model": "sessions.session", "pk": "v4a0f8gq0xlcrh8kv826qopz3ltxcjky", "fields": {"session_data": ".eJxVjEEOwiAQRe_C2hAZaQdcuu8ZyAwMUjU0Ke3KeHfbpAvd_vfef6tA61LC2mQOY1JXZdXpd2OKT6k7SA-q90nHqS7zyHpX9EGbHqYkr9vh_h0UamWrHfrOo7-wIyCfPbFQF60wnRlAXBY0wP0GbebcR8xgjAXDGRiToPp8Afw3OMY:1tPSw1:DkfxebLpxb2vnQIZFoTYSlHgAcPwLbvF6ZW5a5A8QFU", "expire_date": "2024-12-22T21:12:21.451Z"}}, {"model": "sessions.session", "pk": "v6z34t8l9wf2h85gh3tvqxhxjfsupwg5", "fields": {"session_data": ".eJxVjDsOwjAQBe_iGlnJ-ruU9JzB2vUHB5AjxUmFuDtESgHtm5n3EoG2tYat5yVMSZyFEqffjSk-cttBulO7zTLObV0mlrsiD9rldU75eTncv4NKvX7rMQ_KIMSCHlWhYu3oODJbRshKIzpTwBEbKFwiD0lr5clCJg-AHMX7A-lqOEE:1tPPWN:lhvMPWeA2yIgtZDuQDWyHBRPku3eg6m5ssz7cOL_ffM", "expire_date": "2024-12-22T17:33:39.093Z"}}, {"model": "sessions.session", "pk": "v9o68jll3y74ivxlla09un42kx0qvj3b", "fields": {"session_data": ".eJxVjDsOwjAQBe_iGlnJ-ruU9JzB2vUHB5AjxUmFuDtESgHtm5n3EoG2tYat5yVMSZyFEqffjSk-cttBulO7zTLObV0mlrsiD9rldU75eTncv4NKvX7rMQ_KIMSCHlWhYu3oODJbRshKIzpTwBEbKFwiD0lr5clCJg-AHMX7A-lqOEE:1tVWfk:rq6FNEUcMzWasy_UKYDGXL-s0zKmdYjrQSkFJRu0LH0", "expire_date": "2025-01-08T14:24:36.104Z"}}, {"model": "sessions.session", "pk": "vuleys1ernjx3w0az6fau7c6klbg0c0t", "fields": {"session_data": ".eJxVjDsOwjAQBe_iGlnJ-ruU9JzB2vUHB5AjxUmFuDtESgHtm5n3EoG2tYat5yVMSZyFEqffjSk-cttBulO7zTLObV0mlrsiD9rldU75eTncv4NKvX7rMQ_KIMSCHlWhYu3oODJbRshKIzpTwBEbKFwiD0lr5clCJg-AHMX7A-lqOEE:1tQcnO:aNsRcjNFcXHPmGWS5TZdOThAz4QdUStEcXTaK6kXd0U", "expire_date": "2024-12-26T01:56:14.817Z"}}, {"model": "sessions.session", "pk": "vy4hniv76dnv4dsrcknm3w39dzy5jjmx", "fields": {"session_data": ".eJxVjDsOwjAQBe_iGlnJ-ruU9JzB2vUHB5AjxUmFuDtESgHtm5n3EoG2tYat5yVMSZyFEqffjSk-cttBulO7zTLObV0mlrsiD9rldU75eTncv4NKvX7rMQ_KIMSCHlWhYu3oODJbRshKIzpTwBEbKFwiD0lr5clCJg-AHMX7A-lqOEE:1tTNva:TdSpfuOzCbEOrB-AukmnHgq7lDeemBB7SHV0gzBKiZk", "expire_date": "2025-01-02T16:40:06.105Z"}}, {"model": "sessions.session", "pk": "wijhlzrsg3rfmjakh6s7j9o7h1rpchfy", "fields": {"session_data": ".eJxVjMsOwiAQRf-FtSFAeVSX7v0GMjMwUjWQlHZl_HfbpAvd3nPOfYsI61Li2vMcpyQuwonT74ZAz1x3kB5Q701Sq8s8odwVedAuby3l1_Vw_w4K9LLVSJrtwODYKu2UZ09s2NLZIvsxQCDK2jhDetSoBzZZpS1I1hmFYQji8wX3NTf0:1tW5EY:Ayp32nRikhNFVhchHjL-39WlkpZpiDMNJ33G-XgZfgQ", "expire_date": "2025-01-10T03:18:50.640Z"}}, {"model": "sessions.session", "pk": "xkqvjp62bsjw6uiulfkyyjb8t4ossjrk", "fields": {"session_data": ".eJxVjEEOwiAQRe_C2hAZaQdcuu8ZyAwMUjU0Ke3KeHfbpAvd_vfef6tA61LC2mQOY1JXZdXpd2OKT6k7SA-q90nHqS7zyHpX9EGbHqYkr9vh_h0UamWrHfrOo7-wIyCfPbFQF60wnRlAXBY0wP0GbebcR8xgjAXDGRiToPp8Afw3OMY:1tVyRi:N6jKKPdY-nDMQYfdK-iqr2gbGZndCLik4F98gYNqd6E", "expire_date": "2025-01-09T20:03:58.956Z"}}, {"model": "sessions.session", "pk": "ykpmkmd0w37i6cb6qe6204vq6pwi4ddk", "fields": {"session_data": ".eJxVjDsOwjAQBe_iGlnJ-ruU9JzB2vUHB5AjxUmFuDtESgHtm5n3EoG2tYat5yVMSZyFEqffjSk-cttBulO7zTLObV0mlrsiD9rldU75eTncv4NKvX7rMQ_KIMSCHlWhYu3oODJbRshKIzpTwBEbKFwiD0lr5clCJg-AHMX7A-lqOEE:1tOmBX:0kxAW6u8WbIbxAunUC9IOhY6d5Iueo3SZZGqnEaDLOc", "expire_date": "2024-12-20T23:33:31.497Z"}}, {"model": "sessions.session", "pk": "ypc0ehrkqsr8r4d1g3ocdfj34xm8eau6", "fields": {"session_data": ".eJxVjDsOwjAQBe_iGlnJ-ruU9JzB2vUHB5AjxUmFuDtESgHtm5n3EoG2tYat5yVMSZyFEqffjSk-cttBulO7zTLObV0mlrsiD9rldU75eTncv4NKvX7rMQ_KIMSCHlWhYu3oODJbRshKIzpTwBEbKFwiD0lr5clCJg-AHMX7A-lqOEE:1tOguH:rigg37M43dzmORUmBpbhboqfqrU_CI1B87mxSa7hCWs", "expire_date": "2024-12-20T17:55:21.702Z"}}, {"model": "sessions.session", "pk": "ypoqhg5fluxeycgnnxmpneirf1rcrhhs", "fields": {"session_data": ".eJxVjDsOwjAQBe_iGlnJ-ruU9JzB2vUHB5AjxUmFuDtESgHtm5n3EoG2tYat5yVMSZyFEqffjSk-cttBulO7zTLObV0mlrsiD9rldU75eTncv4NKvX7rMQ_KIMSCHlWhYu3oODJbRshKIzpTwBEbKFwiD0lr5clCJg-AHMX7A-lqOEE:1tQojk:yJUhbaoX4ivSnNCMsVlu_6d16csABXu0Na4ztk9GAwo", "expire_date": "2024-12-26T14:41:16.151Z"}}, {"model": "sessions.session", "pk": "ys94bkx52k0cbuqmt85m9j77u4upkkt4", "fields": {"session_data": ".eJxVjDsOwjAQBe_iGlnJ-ruU9JzB2vUHB5AjxUmFuDtESgHtm5n3EoG2tYat5yVMSZyFEqffjSk-cttBulO7zTLObV0mlrsiD9rldU75eTncv4NKvX7rMQ_KIMSCHlWhYu3oODJbRshKIzpTwBEbKFwiD0lr5clCJg-AHMX7A-lqOEE:1tQC3Y:w7MDzz4ygqyV-RpVkquGkQwqESXhDDGqixTHwIKYikg", "expire_date": "2024-12-24T21:23:08.137Z"}}, {"model": "tasks.tasks", "pk": 1, "fields": {"title": "11", "description": "111", "created": "2024-12-20T21:43:44.726Z", "datecompleted": null, "important": false, "user": 2}}, {"model": "commons.t_perfil", "pk": 1, "fields": {"user": 2, "nom": "Andres", "apelli": "Sanabria", "tipo_dni": "cc", "dni": 123456789, "tele": "1234567890", "dire": "Admin Address", "mail": "admin@example.com", "gene": "H", "fecha_naci": "1980-01-01", "rol": "admin"}}, {"model": "commons.t_perfil", "pk": 2, "fields": {"user": 3, "nom": "Camila", "apelli": "Campo", "tipo_dni": "cc", "dni": 987654321, "tele": "0987654321", "dire": "Instructor Address", "mail": "instructor@example.com", "gene": "M", "fecha_naci": "1990-02-15", "rol": "instructor"}}, {"model": "commons.t_perfil", "pk": 3, "fields": {"user": 4, "nom": "Juan", "apelli": "Casas", "tipo_dni": "ti", "dni": 1122334455, "tele": "1122334455", "dire": "Aprendiz Address", "mail": "aprendiz@example.com", "gene": "H", "fecha_naci": "2000-03-20", "rol": "aprendiz"}}, {"model": "commons.t_perfil", "pk": 4, "fields": {"user": 5, "nom": "Manuel", "apelli": "Mendez", "tipo_dni": "pp", "dni": 223, "tele": "2233445566", "dire": "Lider Address", "mail": "lider@example.com", "gene": "H", "fecha_naci": "1985-05-10", "rol": "lider"}}, {"model": "commons.t_perfil", "pk": 5, "fields": {"user": 6, "nom": "Yeison", "apelli": "Ramirez", "tipo_dni": "cc", "dni": 1231214122, "tele": "35435432153", "dire": "Crr 7 #234-85", "mail": "prueba@prueba.com", "gene": "H", "fecha_naci": "1999-02-21", "rol": "instructor"}}, {"model": "commons.t_perfil", "pk": 6, "fields": {"user": 7, "nom": "Orion", "apelli": "Sanabria", "tipo_dni": "ti", "dni": 13234351, "tele": "543551", "dire": "Crr 6c # 5-45", "mail": "prueba@prueba.com", "gene": "H", "fecha_naci": "1999-12-12", "rol": "aprendiz"}}, {"model": "commons.t_perfil", "pk": 10, "fields": {"user": 15, "nom": "Camila", "apelli": "Campo", "tipo_dni": "cc", "dni": 123456789, "tele": "123456789", "dire": "Crr 1 # 2 -3", "mail": "camilacampo1001@gmail.com", "gene": "M", "fecha_naci": "1999-01-01", "rol": "aprendiz"}}, {"model": "commons.t_repre_legal", "pk": 1, "fields": {"nom": "Carlos Prez", "tele": "3216549870", "dire": "Calle 123, Ciudad A", "mail": "carlos.perez@example.com", "paren": "Padre", "ciu": "Ciudad A", "depa": "Departamento A"}}, {"model": "commons.t_repre_legal", "pk": 2, "fields": {"nom": "Ana Gmez", "tele": "9876543210", "dire": "Calle 456, Ciudad B", "mail": "ana.gomez@example.com", "paren": "Madre", "ciu": "Ciudad B", "depa": "Departamento B"}}, {"model": "commons.t_repre_legal", "pk": 5, "fields": {"nom": "Carlos", "tele": "123456", "dire": "Crr 1 # 2 -3", "mail": "prueba@prueba.com", "paren": "Padre", "ciu": "", "depa": ""}}, {"model": "commons.t_instru", "pk": 1, "fields": {"perfil": 2, "contra": "46546571-4", "fecha_ini": "2023-01-01", "fecha_fin": "2025-01-01", "esta": "activo", "profe": "Ing. Sistemas", "tipo_vincu": "colaborador externo"}}, {"model": "commons.t_instru", "pk": 2, "fields": {"perfil": 5, "contra": "5852389-3", "fecha_ini": "2015-12-12", "fecha_fin": "2045-12-12", "esta": "Registrado", "profe": "Ingeniero de sistemas", "tipo_vincu": "colaborador externo"}}, {"model": "commons.t_admin", "pk": 1, "fields": {"perfil": 1, "area": "Sistemas", "esta": "activo"}}, {"model": "commons.t_lider", "pk": 1, "fields": {"perfil": 4, "area": "Desarrollo", "esta": "activo"}}, {"model": "commons.t_centro_forma", "pk": 1, "fields": {"nom": "Centro de Formacin A", "dire": "Direccin Centro A", "depa": "Departamento A", "muni": "Municipio A"}}, {"model": "commons.t_centro_forma", "pk": 2, "fields": {"nom": "Centro de Formacin B", "dire": "Direccin Centro B", "depa": "Departamento B", "muni": "Municipio B"}}, {"model": "commons.t_departa", "pk": 1, "fields": {"cod_departa": "1101", "nom_departa": "Cundinamarca"}}, {"model": "commons.t_departa", "pk": 2, "fields": {"cod_departa": "2", "nom_departa": "Amazonas"}}, {"model": "commons.t_munici", "pk": 1, "fields": {"cod_munici": "101", "nom_munici": "Cajica", "nom_departa": 1}}, {"model": "commons.t_munici", "pk": 2, "fields": {"cod_munici": "2", "nom_munici": "Leticia", "nom_departa": 2}}, {"model": "commons.t_insti_edu", "pk": 1, "fields": {"nom": "Institucin Educativa A", "dire": "Direccin Institucin A", "secto": "1", "pote_apre": "1", "depa": 1, "muni": 1, "esta": "1", "vigen": "1", "recto": "1", "recto_tel": "1", "insti_mail": "1", "coordi": "1", "coordi_tele": "1", "coordi_mail": "1"}}, {"model": "commons.t_insti_edu", "pk": 2, "fields": {"nom": "Institucin Educativa B", "dire": "Direccin Institucin B", "secto": "1", "pote_apre": "1", "depa": 1, "muni": 1, "esta": "1", "vigen": "1", "recto": "1", "recto_tel": "1", "insti_mail": "1", "coordi": "1", "coordi_tele": "1", "coordi_mail": "1"}}, {"model": "commons.t_insti_edu", "pk": 3, "fields": {"nom": "Institucion educativa D", "dire": "Crr 7 # 78 - 887", "secto": "noficial", "pote_apre": "1", "depa": 1, "muni": 1, "esta": "1", "vigen": "1", "recto": "1", "recto_tel": "1", "insti_mail": "1", "coordi": "1", "coordi_tele": "1", "coordi_mail": "1"}}, {"model": "commons.t_insti_edu", "pk": 6, "fields": {"nom": "Prueba 4", "dire": "Crr 6c # 5-45", "secto": "oficial", "pote_apre": "25", "depa": 1, "muni": 1, "esta": "1", "vigen": "1", "recto": "1", "recto_tel": "1", "insti_mail": "1", "coordi": "1", "coordi_tele": "1", "coordi_mail": "1"}}, {"model": "commons.t_insti_edu", "pk": 7, "fields": {"nom": "Prueba 13", "dire": "Crr 1 # 2 -3", "secto": "oficial", "pote_apre": "36", "depa": 1, "muni": 1, "esta": "1", "vigen": "1", "recto": "1", "recto_tel": "1", "insti_mail": "1", "coordi": "1", "coordi_tele": "1", "coordi_mail": "1"}}, {"model": "commons.t_insti_edu", "pk": 8, "fields": {"nom": "Institucion educativa P", "dire": "Crr 1 # 2 -3", "secto": "noficial", "pote_apre": "40", "depa": 1, "muni": 1, "esta": "articulado", "vigen": "2025", "recto": "Leonardo Dicaprio", "recto_tel": "3126878531", "insti_mail": "pruebai@orueba.com", "coordi": "Jenniffer Lopez", "coordi_tele": "1236456", "coordi_mail": "prueba@prueba.com"}}, {"model": "commons.t_insti_edu", "pk": 9, "fields": {"nom": "Institucion educativa X", "dire": "Crr 1 # 2 -3", "secto": "oficial", "pote_apre": "40", "depa": 2, "muni": 2, "esta": "articulado", "vigen": "2025", "recto": "Leonardo Dicaprio", "recto_tel": "3126878531", "insti_mail": "pruebai@orueba.com", "coordi": "Carlos Casas", "coordi_tele": "1236456", "coordi_mail": "casas@prueba.com"}}, {"model": "commons.t_progra", "pk": 1, "fields": {"nom": "IMPLEMENTACION Y MANTENIMIENTO DE SISTEMAS DE INTERNET DE LAS COSAS"}}, {"model": "commons.t_progra", "pk": 2, "fields": {"nom": "PROGRAMACION PARA ANALITICA DE DATOS"}}, {"model": "commons.t_progra", "pk": 3, "fields": {"nom": "PROGRAMACION DE APLICACIONES Y SERVICIOS PARA LA NUBE"}}, {"model": "commons.t_progra", "pk": 4, "fields": {"nom": "PROGRAMACION DE APLICACIONES PARA DISPOSITIVOS MOVILES"}}, {"model": "commons.t_progra", "pk": 5, "fields": {"nom": "CONTROL DE LA SEGURIDAD DIGITAL "}}, {"model": "commons.t_progra", "pk": 6, "fields": {"nom": "PROGRAMACION DE SOFTWARE"}}, {"model": "commons.t_progra", "pk": 7, "fields": {"nom": "MANTENIMIENTO DE EQUIPOS DE COMPUTO"}}, {"model": "commons.t_progra", "pk": 8, "fields": {"nom": "SISTEMAS TELEINFORMATICOS"}}, {"model": "commons.t_progra", "pk": 9, "fields": {"nom": "INTEGRACION DE CONTENDOS DIGITALES"}}, {"model": "commons.t_progra", "pk": 10, "fields": {"nom": "Programa de prueba"}}, {"model": "commons.t_progra", "pk": 12, "fields": {"nom": "Programa de prueba 2"}}, {"model": "commons.t_progra", "pk": 13, "fields": {"nom": "123"}}, {"model": "commons.t_ficha", "pk": 29, "fields": {"fecha_aper": "2121-12-12T05:00:00Z", "fecha_cierre": "2121-12-12T05:00:00Z", "insti": 1, "centro": 1, "num": "", "instru": 1, "progra": 1, "num_apre_proce": "25", "num_apre_forma": "0", "num_apre_pendi_regi": "25", "esta": "Validacion matriculas"}}, {"model": "commons.t_ficha", "pk": 30, "fields": {"fecha_aper": "2121-12-12T05:00:00Z", "fecha_cierre": "2121-12-12T05:00:00Z", "insti": 1, "centro": 1, "num": "", "instru": 1, "progra": 1, "num_apre_proce": "25", "num_apre_forma": "0", "num_apre_pendi_regi": "25", "esta": "Matriculada"}}, {"model": "commons.t_fase_ficha", "pk": 1, "fields": {"fase": "Analisis", "ficha": 29, "fecha_ini": "2121-12-12T05:00:00Z", "fecha_fin": null, "instru": 1, "vige": "Si"}}, {"model": "commons.t_fase_ficha", "pk": 2, "fields": {"fase": "Planeacion", "ficha": 29, "fecha_ini": null, "fecha_fin": null, "instru": 1, "vige": "No"}}, {"model": "commons.t_fase_ficha", "pk": 3, "fields": {"fase": "Ejecucion", "ficha": 29, "fecha_ini": null, "fecha_fin": null, "instru": 1, "vige": "No"}}, {"model": "commons.t_fase_ficha", "pk": 4, "fields": {"fase": "Evaluacion", "ficha": 29, "fecha_ini": null, "fecha_fin": null, "instru": 1, "vige": "No"}}, {"model": "commons.t_fase_ficha", "pk": 5, "fields": {"fase": "Analisis", "ficha": 30, "fecha_ini": "2121-12-12T05:00:00Z", "fecha_fin": null, "instru": 1, "vige": "Si"}}, {"model": "commons.t_fase_ficha", "pk": 6, "fields": {"fase": "Planeacion", "ficha": 30, "fecha_ini": null, "fecha_fin": null, "instru": 1, "vige": "No"}}, {"model": "commons.t_fase_ficha", "pk": 7, "fields": {"fase": "Ejecucion", "ficha": 30, "fecha_ini": null, "fecha_fin": null, "instru": 1, "vige": "No"}}, {"model": "commons.t_fase_ficha", "pk": 8, "fields": {"fase": "Evaluacion", "ficha": 30, "fecha_ini": null, "fecha_fin": null, "instru": 1, "vige": "No"}}, {"model": "commons.t_crono", "pk": 1, "fields": {"nove": "No", "fecha_ini_acti": "2121-02-12T05:00:00Z", "fecha_fin_acti": "2021-02-21T05:00:00Z", "fecha_ini_cali": "2021-02-21T05:00:00Z", "fecha_fin_cali": "2021-12-12T05:00:00Z"}}, {"model": "commons.t_crono", "pk": 2, "fields": {"nove": "No", "fecha_ini_acti": "2121-02-12T05:00:00Z", "fecha_fin_acti": "2021-02-21T05:00:00Z", "fecha_ini_cali": "2021-02-21T05:00:00Z", "fecha_fin_cali": "2021-12-12T05:00:00Z"}}, {"model": "commons.t_crono", "pk": 3, "fields": {"nove": "No", "fecha_ini_acti": "2121-02-12T05:00:00Z", "fecha_fin_acti": "2021-02-21T05:00:00Z", "fecha_ini_cali": "2021-02-21T05:00:00Z", "fecha_fin_cali": "2021-12-12T05:00:00Z"}}, {"model": "commons.t_crono", "pk": 4, "fields": {"nove": "No", "fecha_ini_acti": "2121-02-12T05:00:00Z", "fecha_fin_acti": "2021-02-21T05:00:00Z", "fecha_ini_cali": "2021-02-21T05:00:00Z", "fecha_fin_cali": "2021-12-12T05:00:00Z"}}, {"model": "commons.t_crono", "pk": 5, "fields": {"nove": "No", "fecha_ini_acti": "2112-02-21T05:00:00Z", "fecha_fin_acti": "1211-02-21T04:56:16Z", "fecha_ini_cali": "1212-02-21T04:56:16Z", "fecha_fin_cali": "1112-02-21T04:56:16Z"}}, {"model": "commons.t_crono", "pk": 6, "fields": {"nove": "No", "fecha_ini_acti": "2112-02-21T05:00:00Z", "fecha_fin_acti": "1211-02-21T04:56:16Z", "fecha_ini_cali": "1212-02-21T04:56:16Z", "fecha_fin_cali": "1112-02-21T04:56:16Z"}}, {"model": "commons.t_crono", "pk": 7, "fields": {"nove": "No", "fecha_ini_acti": "2112-02-21T05:00:00Z", "fecha_fin_acti": "1211-02-21T04:56:16Z", "fecha_ini_cali": "1212-02-21T04:56:16Z", "fecha_fin_cali": "1112-02-21T04:56:16Z"}}, {"model": "commons.t_crono", "pk": 8, "fields": {"nove": "No", "fecha_ini_acti": "2112-02-21T05:00:00Z", "fecha_fin_acti": "1211-02-21T04:56:16Z", "fecha_ini_cali": "1212-02-21T04:56:16Z", "fecha_fin_cali": "1112-02-21T04:56:16Z"}}, {"model": "commons.t_crono", "pk": 9, "fields": {"nove": "No", "fecha_ini_acti": "1212-12-12T04:56:16Z", "fecha_fin_acti": "1212-12-12T04:56:16Z", "fecha_ini_cali": "1212-12-12T04:56:16Z", "fecha_fin_cali": "1212-12-12T04:56:16Z"}}, {"model": "commons.t_crono", "pk": 10, "fields": {"nove": "No", "fecha_ini_acti": "2121-12-12T05:00:00Z", "fecha_fin_acti": "2121-12-12T05:00:00Z", "fecha_ini_cali": "2121-12-12T05:00:00Z", "fecha_fin_cali": "2121-12-12T05:00:00Z"}}, {"model": "commons.t_crono", "pk": 11, "fields": {"nove": "No", "fecha_ini_acti": "2121-12-12T05:00:00Z", "fecha_fin_acti": "2121-12-12T05:00:00Z", "fecha_ini_cali": "2121-12-12T05:00:00Z", "fecha_fin_cali": "2121-12-12T05:00:00Z"}}, {"model": "commons.t_crono", "pk": 12, "fields": {"nove": "No", "fecha_ini_acti": "2121-12-12T05:00:00Z", "fecha_fin_acti": "2121-12-12T05:00:00Z", "fecha_ini_cali": "2121-12-12T05:00:00Z", "fecha_fin_cali": "2121-12-12T05:00:00Z"}}, {"model": "commons.t_crono", "pk": 13, "fields": {"nove": "No", "fecha_ini_acti": "2121-12-12T05:00:00Z", "fecha_fin_acti": "2121-12-12T05:00:00Z", "fecha_ini_cali": "2121-12-12T05:00:00Z", "fecha_fin_cali": "2121-12-12T05:00:00Z"}}, {"model": "commons.t_crono", "pk": 14, "fields": {"nove": "No", "fecha_ini_acti": "2121-12-12T05:00:00Z", "fecha_fin_acti": "2121-12-12T05:00:00Z", "fecha_ini_cali": "2121-12-12T05:00:00Z", "fecha_fin_cali": "2121-12-12T05:00:00Z"}}, {"model": "commons.t_crono", "pk": 15, "fields": {"nove": "No", "fecha_ini_acti": "2121-12-12T05:00:00Z", "fecha_fin_acti": "2121-12-12T05:00:00Z", "fecha_ini_cali": "2121-12-12T05:00:00Z", "fecha_fin_cali": "2121-12-12T05:00:00Z"}}, {"model": "commons.t_crono", "pk": 16, "fields": {"nove": "No", "fecha_ini_acti": "1212-12-12T04:56:16Z", "fecha_fin_acti": "2121-12-12T05:00:00Z", "fecha_ini_cali": "2121-12-12T05:00:00Z", "fecha_fin_cali": "2121-12-12T05:00:00Z"}}, {"model": "commons.t_crono", "pk": 17, "fields": {"nove": "No", "fecha_ini_acti": "1122-02-12T04:56:16Z", "fecha_fin_acti": "2121-12-12T05:00:00Z", "fecha_ini_cali": "2121-12-12T05:00:00Z", "fecha_fin_cali": "2121-12-12T05:00:00Z"}}, {"model": "commons.t_crono", "pk": 18, "fields": {"nove": "No", "fecha_ini_acti": "2121-12-12T05:00:00Z", "fecha_fin_acti": "2121-12-12T05:00:00Z", "fecha_ini_cali": "2121-12-12T05:00:00Z", "fecha_fin_cali": "2121-12-12T05:00:00Z"}}, {"model": "commons.t_crono", "pk": 19, "fields": {"nove": "No", "fecha_ini_acti": "2121-12-12T05:00:00Z", "fecha_fin_acti": "2121-12-12T05:00:00Z", "fecha_ini_cali": "2121-12-12T05:00:00Z", "fecha_fin_cali": "2121-12-12T05:00:00Z"}}, {"model": "commons.t_crono", "pk": 20, "fields": {"nove": "No", "fecha_ini_acti": "2121-12-12T05:00:00Z", "fecha_fin_acti": "2121-12-12T05:00:00Z", "fecha_ini_cali": "2121-12-12T05:00:00Z", "fecha_fin_cali": "2121-12-12T05:00:00Z"}}, {"model": "commons.t_crono", "pk": 21, "fields": {"nove": "No", "fecha_ini_acti": "2121-12-12T05:00:00Z", "fecha_fin_acti": "2121-12-12T05:00:00Z", "fecha_ini_cali": "2121-12-12T05:00:00Z", "fecha_fin_cali": "1221-12-12T04:56:16Z"}}, {"model": "commons.t_tipo_acti", "pk": 1, "fields": {"tipo": "Conocimiento"}}, {"model": "commons.t_tipo_acti", "pk": 2, "fields": {"tipo": "Desempeo"}}, {"model": "commons.t_tipo_acti", "pk": 3, "fields": {"tipo": "Producto"}}, {"model": "commons.t_guia", "pk": 1, "fields": {"nom": "Guia1 - Mantenimiento de redes", "progra": 1, "horas_auto": "12", "horas_dire": "54"}}, {"model": "commons.t_guia", "pk": 2, "fields": {"nom": "Guia2 - Programacion IOT", "progra": 1, "horas_auto": "45", "horas_dire": "12"}}, {"model": "commons.t_acti", "pk": 1, "fields": {"nom": "Analisis MER", "descri": "1", "horas_auto": "45", "horas_dire": "45", "guia": 1, "fase": "1", "tipo": [], "raps": []}}, {"model": "commons.t_acti", "pk": 2, "fields": {"nom": "Analisis MER", "descri": "1", "horas_auto": "45", "horas_dire": "45", "guia": 1, "fase": "1", "tipo": [], "raps": []}}, {"model": "commons.t_acti", "pk": 3, "fields": {"nom": "Analisis MER", "descri": "1", "horas_auto": "45", "horas_dire": "45", "guia": 1, "fase": "1", "tipo": [], "raps": []}}, {"model": "commons.t_acti", "pk": 4, "fields": {"nom": "Analisis MER", "descri": "1", "horas_auto": "45", "horas_dire": "45", "guia": 1, "fase": "1", "tipo": [], "raps": []}}, {"model": "commons.t_acti", "pk": 5, "fields": {"nom": "Analisis MER", "descri": "1", "horas_auto": "45", "horas_dire": "45", "guia": 1, "fase": "1", "tipo": [], "raps": []}}, {"model": "commons.t_acti", "pk": 6, "fields": {"nom": "Analisis MER", "descri": "1", "horas_auto": "45", "horas_dire": "45", "guia": 1, "fase": "1", "tipo": [], "raps": []}}, {"model": "commons.t_acti", "pk": 7, "fields": {"nom": "Analisis MER", "descri": "1", "horas_auto": "45", "horas_dire": "45", "guia": 1, "fase": "1", "tipo": [], "raps": []}}, {"model": "commons.t_acti", "pk": 8, "fields": {"nom": "Analisis MER", "descri": "1", "horas_auto": "45", "horas_dire": "45", "guia": 1, "fase": "1", "tipo": [], "raps": []}}, {"model": "commons.t_acti", "pk": 9, "fields": {"nom": "Analisis MER", "descri": "1", "horas_auto": "45", "horas_dire": "45", "guia": 1, "fase": "1", "tipo": [], "raps": []}}, {"model": "commons.t_acti", "pk": 10, "fields": {"nom": "Actividad prueba", "descri": "1", "horas_auto": "12", "horas_dire": "30", "guia": 1, "fase": "1", "tipo": [], "raps": []}}, {"model": "commons.t_acti", "pk": 11, "fields": {"nom": "Actividad prueba", "descri": "1", "horas_auto": "12", "horas_dire": "30", "guia": 1, "fase": "1", "tipo": [], "raps": []}}, {"model": "commons.t_acti", "pk": 12, "fields": {"nom": "Actividad Final", "descri": "1", "horas_auto": "12", "horas_dire": "12", "guia": 1, "fase": "1", "tipo": [], "raps": []}}, {"model": "commons.t_acti", "pk": 13, "fields": {"nom": "Actividad Final", "descri": "1", "horas_auto": "12", "horas_dire": "12", "guia": 1, "fase": "1", "tipo": [], "raps": []}}, {"model": "commons.t_acti", "pk": 14, "fields": {"nom": "Actividad Final", "descri": "1", "horas_auto": "12", "horas_dire": "12", "guia": 1, "fase": "1", "tipo": [], "raps": []}}, {"model": "commons.t_acti", "pk": 15, "fields": {"nom": "Actividad Final", "descri": "1", "horas_auto": "12", "horas_dire": "12", "guia": 1, "fase": "1", "tipo": [], "raps": []}}, {"model": "commons.t_acti", "pk": 16, "fields": {"nom": "Actividad Final 2", "descri": "1", "horas_auto": "12", "horas_dire": "12", "guia": 1, "fase": "1", "tipo": [], "raps": []}}, {"model": "commons.t_acti", "pk": 17, "fields": {"nom": "Actividad Final 2", "descri": "1", "horas_auto": "12", "horas_dire": "12", "guia": 1, "fase": "1", "tipo": [], "raps": []}}, {"model": "commons.t_acti", "pk": 18, "fields": {"nom": "Actividad Final 2", "descri": "1", "horas_auto": "12", "horas_dire": "12", "guia": 1, "fase": "1", "tipo": [], "raps": []}}, {"model": "commons.t_acti", "pk": 19, "fields": {"nom": "Actividad Final 2", "descri": "1", "horas_auto": "12", "horas_dire": "12", "guia": 1, "fase": "1", "tipo": [], "raps": []}}, {"model": "commons.t_acti", "pk": 20, "fields": {"nom": "Prueba 4", "descri": "1", "horas_auto": "12", "horas_dire": "12", "guia": 1, "fase": "1", "tipo": [], "raps": []}}, {"model": "commons.t_acti", "pk": 21, "fields": {"nom": "Actividad redes", "descri": "De debe ahcer xyz", "horas_auto": "12", "horas_dire": "45", "guia": 1, "fase": "Analisis", "tipo": [], "raps": []}}, {"model": "commons.t_acti", "pk": 22, "fields": {"nom": "Actividad 530", "descri": "Lorem ipsum dolor sit amet, consectetur adipiscing elit, sed do eiusmod tempor incididunt ut labore et dolore magna aliqua. Ut enim ad minim veniam, quis nostrud exercitation ullamco laboris nisi ut aliquip ex ea commodo consequat. Duis aute irure dolor in reprehenderit in voluptate velit esse cillum dolore eu fugiat nulla pariatur. Excepteur sint occaecat cupidatat non proident, sunt in culpa qui officia deserunt mollit anim id est laborum", "horas_auto": "45", "horas_dire": "65", "guia": 1, "fase": "Analisis", "tipo": [], "raps": []}}, {"model": "commons.t_acti", "pk": 23, "fields": {"nom": "Actividad 530", "descri": "asdasd", "horas_auto": "45", "horas_dire": "65", "guia": 1, "fase": "Analisis", "tipo": [], "raps": []}}, {"model": "commons.t_acti", "pk": 24, "fields": {"nom": "Actividad 530", "descri": "asdasd", "horas_auto": "45", "horas_dire": "65", "guia": 1, "fase": "Analisis", "tipo": [], "raps": []}}, {"model": "commons.t_acti", "pk": 25, "fields": {"nom": "Actividad prueba 1", "descri": "De debe ahcer xyz", "horas_auto": "12", "horas_dire": "30", "guia": 1, "fase": "Analisis", "tipo": [], "raps": []}}, {"model": "commons.t_acti", "pk": 26, "fields": {"nom": "RAP 2 - Crear Y", "descri": "asdasd", "horas_auto": "45", "horas_dire": "65", "guia": 1, "fase": "Ejecucion", "tipo": [], "raps": []}}, {"model": "commons.t_acti", "pk": 27, "fields": {"nom": "ANDRES FELIPE SANABRIA", "descri": "123123", "horas_auto": "54", "horas_dire": "54", "guia": 1, "fase": "Ejecucion", "tipo": [], "raps": []}}, {"model": "commons.t_acti", "pk": 28, "fields": {"nom": "Actividad prueba 2", "descri": "adasd", "horas_auto": "54", "horas_dire": "54", "guia": 1, "fase": "Ejecucion", "tipo": [], "raps": []}}, {"model": "commons.t_acti", "pk": 29, "fields": {"nom": "Actividad prueba 3", "descri": "123", "horas_auto": "54", "horas_dire": "54", "guia": 1, "fase": "Ejecucion", "tipo": [], "raps": []}}, {"model": "commons.t_acti", "pk": 30, "fields": {"nom": "Actividad prueba 4", "descri": "asdasd", "horas_auto": "54", "horas_dire": "54", "guia": 1, "fase": "Ejecucion", "tipo": [], "raps": []}}, {"model": "commons.t_acti", "pk": 31, "fields": {"nom": "Actividad prueba 5", "descri": "65456", "horas_auto": "54", "horas_dire": "54", "guia": 1, "fase": "Analisis", "tipo": [], "raps": []}}, {"model": "commons.t_acti", "pk": 32, "fields": {"nom": "Actividad x", "descri": "Desc", "horas_auto": "25", "horas_dire": "12", "guia": 1, "fase": "Analisis", "tipo": [], "raps": []}}, {"model": "commons.t_acti", "pk": 33, "fields": {"nom": "Actividad s", "descri": "asdasd", "horas_auto": "25", "horas_dire": "12", "guia": 1, "fase": "Analisis", "tipo": [], "raps": []}}, {"model": "commons.t_apre", "pk": 1, "fields": {"perfil": 3, "cod": "A001", "esta": "activo", "ficha": 29, "repre_legal": 1}}, {"model": "commons.t_apre", "pk": 2, "fields": {"perfil": 6, "cod": "110141", "esta": "prematricula", "ficha": 29, "repre_legal": 1}}, {"model": "commons.t_apre", "pk": 4, "fields": {"perfil": 10, "cod": "z", "esta": "Activo", "ficha": 30, "repre_legal": 5}}, {"model": "commons.t_compe", "pk": 1, "fields": {"nom": "Competencia 1", "progra": 1, "fase": "fase analisis"}}, {"model": "commons.t_compe", "pk": 2, "fields": {"nom": "Competencia 1", "progra": 1, "fase": "fase planeacion"}}, {"model": "commons.t_raps", "pk": 1, "fields": {"nom": "RAP 1 - Validar X", "compe": 2, "fase": "fase analisis", "comple": "No"}}, {"model": "commons.t_raps", "pk": 2, "fields": {"nom": "RAP 2 - Crear Y", "compe": 1, "fase": "fase analisis", "comple": "No"}}, {"model": "commons.t_raps", "pk": 3, "fields": {"nom": "Rap 3 - P", "compe": 2, "fase": "fase planeacion", "comple": "No"}}, {"model": "commons.t_raps", "pk": 4, "fields": {"nom": "asdas", "compe": 2, "fase": "fase analisis", "comple": "No"}}, {"model": "commons.t_raps_ficha", "pk": 1, "fields": {"ficha": 29, "rap": 1, "agre": "No"}}, {"model": "commons.t_raps_ficha", "pk": 2, "fields": {"ficha": 29, "rap": 2, "agre": "No"}}, {"model": "commons.t_raps_ficha", "pk": 3, "fields": {"ficha": 29, "rap": 3, "agre": "No"}}, {"model": "commons.t_raps_ficha", "pk": 4, "fields": {"ficha": 29, "rap": 4, "agre": "No"}}, {"model": "commons.t_raps_ficha", "pk": 5, "fields": {"ficha": 30, "rap": 1, "agre": "No"}}, {"model": "commons.t_raps_ficha", "pk": 6, "fields": {"ficha": 30, "rap": 2, "agre": "No"}}, {"model": "commons.t_raps_ficha", "pk": 7, "fields": {"ficha": 30, "rap": 3, "agre": "No"}}, {"model": "commons.t_raps_ficha", "pk": 8, "fields": {"ficha": 30, "rap": 4, "agre": "No"}}, {"model": "commons.t_docu", "pk": 1, "fields": {"nom": "f452cea6-d506-475b-902a-633952da267e.jpg", "tipo": "jpg", "archi": "documentos/f452cea6-d506-475b-902a-633952da267e.jpg", "tama": "169 KB", "priva": "No", "esta": "Activo"}}, {"model": "commons.t_docu", "pk": 2, "fields": {"nom": "f452cea6-d506-475b-902a-633952da267e.jfif", "tipo": "jfif", "archi": "documentos/f452cea6-d506-475b-902a-633952da267e.jfif", "tama": "99 KB", "priva": "No", "esta": "Activo"}}, {"model": "commons.t_docu", "pk": 3, "fields": {"nom": "f452cea6-d506-475b-902a-633952da267e.jfif", "tipo": "jfif", "archi": "documentos/f452cea6-d506-475b-902a-633952da267e_qOaRoJn.jfif", "tama": "99 KB", "priva": "No", "esta": "Activo"}}, {"model": "commons.t_docu", "pk": 4, "fields": {"nom": "e1ec004e-4369-4151-97d4-8e827580dd62.jpg", "tipo": "jpg", "archi": "documentos/e1ec004e-4369-4151-97d4-8e827580dd62.jpg", "tama": "148 KB", "priva": "No", "esta": "Activo"}}, {"model": "commons.t_docu", "pk": 5, "fields": {"nom": "e1ec004e-4369-4151-97d4-8e827580dd62.jpg", "tipo": "jpg", "archi": "documentos/e1ec004e-4369-4151-97d4-8e827580dd62_rts2KrM.jpg", "tama": "148 KB", "priva": "No", "esta": "Activo"}}, {"model": "commons.t_docu", "pk": 6, "fields": {"nom": "e1ec004e-4369-4151-97d4-8e827580dd62.jpg", "tipo": "jpg", "archi": "documentos/e1ec004e-4369-4151-97d4-8e827580dd62_W3RptDr.jpg", "tama": "148 KB", "priva": "No", "esta": "Activo"}}, {"model": "commons.t_docu", "pk": 7, "fields": {"nom": "e1ec004e-4369-4151-97d4-8e827580dd62.jpg", "tipo": "jpg", "archi": "documentos/e1ec004e-4369-4151-97d4-8e827580dd62_XgIg4kx.jpg", "tama": "148 KB", "priva": "No", "esta": "Activo"}}, {"model": "commons.t_docu", "pk": 8, "fields": {"nom": "MANUAL ZAJUNA INSTRUCTOR_compressed.pdf", "tipo": "pdf", "archi": "documentos/MANUAL_ZAJUNA_INSTRUCTOR_compressed.pdf", "tama": "1208 KB", "priva": "No", "esta": "Activo"}}, {"model": "commons.t_docu", "pk": 9, "fields": {"nom": "Manual Zajuna Aprendiz (1).pdf", "tipo": "pdf", "archi": "documentos/Manual_Zajuna_Aprendiz_1.pdf", "tama": "5533 KB", "priva": "No", "esta": "Activo"}}, {"model": "commons.t_docu", "pk": 10, "fields": {"nom": "wallhaven-dp7epg.jpg", "tipo": "jpg", "archi": "documentos/wallhaven-dp7epg.jpg", "tama": "8186 KB", "priva": "No", "esta": "Activo"}}, {"model": "commons.t_docu", "pk": 11, "fields": {"nom": "wallhaven-dp7epg.jpg", "tipo": "jpg", "archi": "documentos/wallhaven-dp7epg_MmhHqXG.jpg", "tama": "8186 KB", "priva": "No", "esta": "Activo"}}, {"model": "commons.t_docu", "pk": 12, "fields": {"nom": "wallhaven-dp7epg.jpg", "tipo": "jpg", "archi": "documentos/wallhaven-dp7epg_Aj4b0kw.jpg", "tama": "8186 KB", "priva": "No", "esta": "Activo"}}, {"model": "commons.t_docu", "pk": 13, "fields": {"nom": "wallhaven-dp7epg.jpg", "tipo": "jpg", "archi": "documentos/wallhaven-dp7epg_gE84KAe.jpg", "tama": "8186 KB", "priva": "No", "esta": "Activo"}}, {"model": "commons.t_docu", "pk": 14, "fields": {"nom": "wallhaven-dp7epg.jpg", "tipo": "jpg", "archi": "documentos/wallhaven-dp7epg_MtWbjsV.jpg", "tama": "8186 KB", "priva": "No", "esta": "Activo"}}, {"model": "commons.t_docu", "pk": 15, "fields": {"nom": "wallhaven-dp7epg.jpg", "tipo": "jpg", "archi": "documentos/wallhaven-dp7epg_A3nSQdW.jpg", "tama": "8186 KB", "priva": "No", "esta": "Activo"}}, {"model": "commons.t_docu", "pk": 16, "fields": {"nom": "wallhaven-dp7epg.jpg", "tipo": "jpg", "archi": "documentos/wallhaven-dp7epg_w0RSuvq.jpg", "tama": "8186 KB", "priva": "No", "esta": "Activo"}}, {"model": "commons.t_docu", "pk": 17, "fields": {"nom": "wallhaven-dp7epg.jpg", "tipo": "jpg", "archi": "documentos/wallhaven-dp7epg_Pa18uuF.jpg", "tama": "8186 KB", "priva": "No", "esta": "Activo"}}, {"model": "commons.t_docu", "pk": 18, "fields": {"nom": "logos.png", "tipo": "png", "archi": "documentos/logos.png", "tama": "272 KB", "priva": "No", "esta": "Activo"}}, {"model": "commons.t_docu", "pk": 19, "fields": {"nom": "Manual Zajuna Aprendiz.pdf", "tipo": "pdf", "archi": "documentos/Manual_Zajuna_Aprendiz.pdf", "tama": "5533 KB", "priva": "No", "esta": "Activo"}}, {"model": "commons.t_docu", "pk": 20, "fields": {"nom": "wallhaven-dp7epg.jpg", "tipo": "jpg", "archi": "documentos/wallhaven-dp7epg_2gFY1X1.jpg", "tama": "8186 KB", "priva": "No", "esta": "Activo"}}, {"model": "commons.t_docu", "pk": 21, "fields": {"nom": "wallhaven-dp7epg.jpg", "tipo": "jpg", "archi": "documentos/wallhaven-dp7epg_vPy5zwk.jpg", "tama": "8186 KB", "priva": "No", "esta": "Activo"}}, {"model": "commons.t_docu", "pk": 22, "fields": {"nom": "MANUAL ZAJUNA INSTRUCTOR_compressed.pdf", "tipo": "pdf", "archi": "documentos/MANUAL_ZAJUNA_INSTRUCTOR_compressed_Ih5Gftk.pdf", "tama": "1208 KB", "priva": "No", "esta": "Activo"}}, {"model": "commons.t_docu", "pk": 23, "fields": {"nom": "Captura de pantalla (2).png", "tipo": "png", "archi": "documentos/Captura_de_pantalla_2.png", "tama": "462 KB", "priva": "No", "esta": "Activo"}}, {"model": "commons.t_docu", "pk": 24, "fields": {"nom": "Captura de pantalla (21).png", "tipo": "png", "archi": "documentos/Captura_de_pantalla_21.png", "tama": "327 KB", "priva": "No", "esta": "Activo"}}, {"model": "commons.t_docu", "pk": 25, "fields": {"nom": "Captura de pantalla (16).png", "tipo": "png", "archi": "documentos/Captura_de_pantalla_16.png", "tama": "360 KB", "priva": "No", "esta": "Activo"}}, {"model": "commons.t_docu", "pk": 26, "fields": {"nom": "Captura de pantalla (18).png", "tipo": "png", "archi": "documentos/Captura_de_pantalla_18.png", "tama": "485 KB", "priva": "No", "esta": "Activo"}}, {"model": "commons.t_docu", "pk": 27, "fields": {"nom": "Captura de pantalla (16).png", "tipo": "png", "archi": "documentos/Captura_de_pantalla_16_QR0tmDR.png", "tama": "360 KB", "priva": "No", "esta": "Activo"}}, {"model": "commons.t_docu", "pk": 28, "fields": {"nom": "Captura de pantalla (13).png", "tipo": "png", "archi": "documentos/Captura_de_pantalla_13.png", "tama": "302 KB", "priva": "No", "esta": "Activo"}}, {"model": "commons.t_docu", "pk": 29, "fields": {"nom": "AGT.docx", "tipo": "docx", "archi": "documentos/AGT.docx", "tama": "14 KB", "priva": "No", "esta": "Activo"}}, {"model": "commons.t_docu", "pk": 30, "fields": {"nom": "Document 1.docx", "tipo": "docx", "archi": "documentos/Document_1.docx", "tama": "12 KB", "priva": "No", "esta": "Activo"}}, {"model": "commons.t_docu", "pk": 31, "fields": {"nom": "Document.docx", "tipo": "docx", "archi": "documentos/Document.docx", "tama": "12 KB", "priva": "No", "esta": "Activo"}}, {"model": "commons.t_docu", "pk": 32, "fields": {"nom": "wallhaven-dp7epg.jpg", "tipo": "jpg", "archi": "documentos/wallhaven-dp7epg_M60usg9.jpg", "tama": "8186 KB", "priva": "No", "esta": "Activo"}}, {"model": "commons.t_docu", "pk": 33, "fields": {"nom": "f452cea6-d506-475b-902a-633952da267e.jpg", "tipo": "jpg", "archi": "documentos/f452cea6-d506-475b-902a-633952da267e_igExdyu.jpg", "tama": "169 KB", "priva": "No", "esta": "Activo"}}, {"model": "commons.t_docu", "pk": 34, "fields": {"nom": "MANUAL ZAJUNA INSTRUCTOR_compressed.pdf", "tipo": "pdf", "archi": "documentos/MANUAL_ZAJUNA_INSTRUCTOR_compressed_fm2KPl5.pdf", "tama": "1208 KB", "priva": "No", "esta": "Activo"}}, {"model": "commons.t_docu", "pk": 35, "fields": {"nom": "Captura de pantalla (18).png", "tipo": "png", "archi": "documentos/Captura_de_pantalla_18_1sxTSHK.png", "tama": "485 KB", "priva": "No", "esta": "Activo"}}, {"model": "commons.t_docu", "pk": 36, "fields": {"nom": "Capturade pantalla(1).png", "tipo": "png", "archi": "documentos/Capturade_pantalla1.png", "tama": "154 KB", "priva": "No", "esta": "Activo"}}, {"model": "commons.t_docu", "pk": 37, "fields": {"nom": "e1ec004e-4369-4151-97d4-8e827580dd62.jpg", "tipo": "jpg", "archi": "documentos/e1ec004e-4369-4151-97d4-8e827580dd62_c4EHv1F.jpg", "tama": "148 KB", "priva": "No", "esta": "Activo"}}, {"model": "commons.t_docu", "pk": 38, "fields": {"nom": "notas.txt", "tipo": "txt", "archi": "documentos/notas.txt", "tama": "3 KB", "priva": "No", "esta": "Activo"}}, {"model": "commons.t_docu", "pk": 39, "fields": {"nom": "1.docx", "tipo": "docx", "archi": "documentos/1.docx", "tama": "23 KB", "priva": "No", "esta": "Activo"}}, {"model": "commons.t_docu", "pk": 40, "fields": {"nom": "Tab-Meet - gxf-mnab-bdm.mp4", "tipo": "mp4", "archi": "documentos/Tab-Meet_-_gxf-mnab-bdm.mp4", "tama": "128208 KB", "priva": "No", "esta": "Activo"}}, {"model": "commons.t_docu", "pk": 41, "fields": {"nom": "Tab-Meet - duc-aovm-gni.mp4", "tipo": "mp4", "archi": "documentos/Tab-Meet_-_duc-aovm-gni.mp4", "tama": "211161 KB", "priva": "No", "esta": "Activo"}}, {"model": "commons.t_docu", "pk": 42, "fields": {"nom": "Grant Access.mp4", "tipo": "mp4", "archi": "documentos/Grant_Access.mp4", "tama": "162726 KB", "priva": "No", "esta": "Activo"}}, {"model": "commons.t_docu", "pk": 43, "fields": {"nom": "Epic Pen Setup.exe", "tipo": "exe", "archi": "renombrar_archivo/Epic_Pen_Setup.exe", "tama": "241 KB", "priva": "No", "esta": "Activo"}}, {"model": "commons.t_docu", "pk": 44, "fields": {"nom": "MANUAL ZAJUNA INSTRUCTOR_compressed.pdf", "tipo": "pdf", "archi": "renombrar_archivo/MANUAL_ZAJUNA_INSTRUCTOR_compressed.pdf", "tama": "1208 KB", "priva": "No", "esta": "Activo"}}, {"model": "commons.t_docu", "pk": 45, "fields": {"nom": "Reporte de Juicios Evaluativos.xls", "tipo": "xls", "archi": "renombrar_archivo/Reporte_de_Juicios_Evaluativos.xls", "tama": "200 KB", "priva": "No", "esta": "Activo"}}, {"model": "commons.t_docu", "pk": 46, "fields": {"nom": "MANUAL ZAJUNA INSTRUCTOR_compressed (1).pdf", "tipo": "pdf", "archi": "documentos/MANUAL_ZAJUNA_INSTRUCTOR_compressed_1.pdf", "tama": "1208 KB", "priva": "No", "esta": "Activo"}}, {"model": "commons.t_docu", "pk": 47, "fields": {"nom": "ESTRUCTURA PORTAFOLIOS.pdf", "tipo": "pdf", "archi": "documentos/ESTRUCTURA_PORTAFOLIOS.pdf", "tama": "6777 KB", "priva": "No", "esta": "Activo"}}, {"model": "commons.t_docu", "pk": 48, "fields": {"nom": "Reporte de Juicios Evaluativos.xls", "tipo": "xls", "archi": "documentos/Reporte_de_Juicios_Evaluativos.xls", "tama": "200 KB", "priva": "No", "esta": "Activo"}}, {"model": "commons.t_docu", "pk": 49, "fields": {"nom": "20112024 - Novedades de SENATEC.xlsx", "tipo": "xlsx", "archi": "documentos/20112024_-_Novedades_de_SENATEC.xlsx", "tama": "3811 KB", "priva": "No", "esta": "Activo"}}, {"model": "commons.t_docu", "pk": 50, "fields": {"nom": "20112024 - Novedades de SENATEC.xlsx", "tipo": "xlsx", "archi": "documentos/20112024_-_Novedades_de_SENATEC_LSiXiWL.xlsx", "tama": "3811 KB", "priva": "No", "esta": "Activo"}}, {"model": "commons.t_docu", "pk": 51, "fields": {"nom": "20112024 - Caracterizacion Aprendices de SENATEC.xlsx", "tipo": "xlsx", "archi": "documentos/20112024_-_Caracterizacion_Aprendices_de_SENATEC.xlsx", "tama": "6583 KB", "priva": "No", "esta": "Activo"}}, {"model": "commons.t_docu", "pk": 52, "fields": {"nom": "ESTRUCTURA PORTAFOLIOS.pdf", "tipo": "pdf", "archi": "documentos/ESTRUCTURA_PORTAFOLIOS_fRNgDlc.pdf", "tama": "6777 KB", "priva": "No", "esta": "Activo"}}, {"model": "commons.t_docu", "pk": 53, "fields": {"nom": "20112024 - Novedades de SENATEC.xlsx", "tipo": "xlsx", "archi": "documentos/20112024_-_Novedades_de_SENATEC_lxaDd3t.xlsx", "tama": "3811 KB", "priva": "No", "esta": "Activo"}}, {"model": "commons.t_docu", "pk": 54, "fields": {"nom": "f452cea6-d506-475b-902a-633952da267e.jpg", "tipo": "jpg", "archi": "documentos/f452cea6-d506-475b-902a-633952da267e_gI1QjHz.jpg", "tama": "169 KB", "priva": "No", "esta": "Activo"}}, {"model": "commons.t_docu", "pk": 55, "fields": {"nom": "4 GFPI-F-035_Formato_Tcnico_en_SISTEMAS TELEINFORMTICOS (3).xlsx", "tipo": "xlsx", "archi": "documentos/4_GFPI-F-035_Formato_Tcnico_en_SISTEMAS_TELEINFORMTICOS_3.xlsx", "tama": "532 KB", "priva": "No", "esta": "Activo"}}, {"model": "commons.t_docu", "pk": 56, "fields": {"nom": "f452cea6-d506-475b-902a-633952da267e.jpg", "tipo": "jpg", "archi": "documentos/f452cea6-d506-475b-902a-633952da267e_8D00eAp.jpg", "tama": "169 KB", "priva": "No", "esta": "Activo"}}, {"model": "commons.t_docu", "pk": 57, "fields": {"nom": "f452cea6-d506-475b-902a-633952da267e.jfif", "tipo": "jfif", "archi": "documentos/f452cea6-d506-475b-902a-633952da267e_nu88YJg.jfif", "tama": "99 KB", "priva": "No", "esta": "Activo"}}, {"model": "commons.t_docu", "pk": 58, "fields": {"nom": "CotizacionAWS.pdf", "tipo": "pdf", "archi": "documentos/aprendices/prematricula/JuanCasas1122334455/CotizacionAWS_X0SWkZh_FmCwkmm.pdf", "tama": "16 KB", "priva": "No", "esta": "Activo"}}, {"model": "commons.t_docu", "pk": 59, "fields": {"nom": "Actividad_Apendizaje_9.3.1.pdf", "tipo": "pdf", "archi": "documentos/aprendices/prematricula/JuanCasas1122334455/Actividad_Apendizaje_9_avvcn5X.3.1.pdf", "tama": "830 KB", "priva": "No", "esta": "Activo"}}, {"model": "commons.t_docu", "pk": 60, "fields": {"nom": "Poliza_SOAT_89878280.pdf", "tipo": "pdf", "archi": "documentos/aprendices/prematricula/JuanCasas1122334455/Poliza_SOAT_89878280_SIC33MS.pdf", "tama": "2112 KB", "priva": "No", "esta": "Activo"}}, {"model": "commons.t_docu", "pk": 61, "fields": {"nom": "Manual Zajuna Aprendiz.pdf", "tipo": "pdf", "archi": "documentos/aprendices/prematricula/JuanCasas1122334455/Manual Zajuna Aprendiz_5Sxk4Bv.pdf", "tama": "5533 KB", "priva": "No", "esta": "Activo"}}, {"model": "commons.t_docu", "pk": 62, "fields": {"nom": "Actividad_Apendizaje_9.3.1.pdf", "tipo": "pdf", "archi": "documentos/aprendices/prematricula/JuanCasas1122334455/Actividad_Apendizaje_9_Jb504u5_tDrZfLL.3.1.pdf", "tama": "830 KB", "priva": "No", "esta": "Activo"}}, {"model": "commons.t_docu", "pk": 63, "fields": {"nom": "images (1).jpg", "tipo": "jpg", "archi": "documentos/aprendices/prematricula/JuanCasas1122334455/images (1)_wJ4SBqM.jpg", "tama": "6 KB", "priva": "No", "esta": "Activo"}}, {"model": "commons.t_docu", "pk": 64, "fields": {"nom": "images.jpg", "tipo": "jpg", "archi": "documentos/aprendices/prematricula/JuanCasas1122334455/images_tYo8EjM.jpg", "tama": "4 KB", "priva": "No", "esta": "Activo"}}, {"model": "commons.t_docu", "pk": 65, "fields": {"nom": "Actividad_Apendizaje_9.3.1.pdf", "tipo": "pdf", "archi": "documentos/aprendices/prematricula/CamilaCampo123456789/Actividad_Apendizaje_9_T3UBHba.3.1.pdf", "tama": "830 KB", "priva": "No", "esta": "Activo"}}, {"model": "commons.t_docu", "pk": 66, "fields": {"nom": "Manual Zajuna Aprendiz.pdf", "tipo": "pdf", "archi": "documentos/aprendices/prematricula/JuanCasas1122334455/Manual Zajuna Aprendiz_quxMxw0_fNAbdbl.pdf", "tama": "5533 KB", "priva": "No", "esta": "Activo"}}, {"model": "commons.t_docu", "pk": 67, "fields": {"nom": "Actividad_Apendizaje_9.3.1.pdf", "tipo": "pdf", "archi": "documentos/aprendices/prematricula/JuanCasas1122334455/Actividad_Apendizaje_9_i57b816_uDnVCTE.3.1.pdf", "tama": "830 KB", "priva": "No", "esta": "Activo"}}, {"model": "commons.t_docu", "pk": 68, "fields": {"nom": "csvoit.csv", "tipo": "csv", "archi": "documentos/aprendices/prematricula/JuanCasas1122334455/csvoit_luearUJ.csv", "tama": "0 KB", "priva": "No", "esta": "Activo"}}, {"model": "commons.t_docu", "pk": 69, "fields": {"nom": "127.0.0.1-1735668520735.log", "tipo": "log", "archi": "documentos/aprendices/prematricula/JuanCasas1122334455/127_CqqqEsk.0.0.1-1735668520735.log", "tama": "20 KB", "priva": "No", "esta": "Activo"}}, {"model": "commons.t_docu", "pk": 70, "fields": {"nom": "8a56831b-bb94-4ede-b18b-d14d2367dc6b.jfif", "tipo": "jfif", "archi": "documentos/aprendices/prematricula/CamilaCampo123456789/8a56831b-bb94-4ede-b18b-d14d2367dc6b_UhDLTwB.jfif", "tama": "110 KB", "priva": "No", "esta": "Activo"}}, {"model": "commons.t_prematri_docu", "pk": 1, "fields": {"nom": "Documento de identidad", "apren": 1, "docu": 66, "esta": "Cargado", "vali": "1", "usr_apro": 5, "fecha_apro": "2025-01-10", "usr_carga": null, "fecha_carga": null}}, {"model": "commons.t_prematri_docu", "pk": 2, "fields": {"nom": "EPS", "apren": 1, "docu": 67, "esta": "Cargado", "vali": "1", "usr_apro": 5, "fecha_apro": "2025-01-10", "usr_carga": null, "fecha_carga": null}}, {"model": "commons.t_prematri_docu", "pk": 3, "fields": {"nom": "Cesion de derechos", "apren": 1, "docu": 68, "esta": "Cargado", "vali": "1", "usr_apro": 5, "fecha_apro": "2025-01-10", "usr_carga": 4, "fecha_carga": "2025-01-10"}}, {"model": "commons.t_prematri_docu", "pk": 4, "fields": {"nom": "Formato inscripcion de matriculas", "apren": 1, "docu": 69, "esta": "Cargado", "vali": "1", "usr_apro": 5, "fecha_apro": "2025-01-10", "usr_carga": 4, "fecha_carga": "2025-01-10"}}, {"model": "commons.t_prematri_docu", "pk": 5, "fields": {"nom": "Formato inscripcion proyecto etapa productiva", "apren": 1, "docu": null, "esta": "Pendiente", "vali": "0", "usr_apro": null, "fecha_apro": null, "usr_carga": null, "fecha_carga": null}}, {"model": "commons.t_prematri_docu", "pk": 6, "fields": {"nom": "Formato compromiso aprendiz", "apren": 1, "docu": null, "esta": "Pendiente", "vali": "0", "usr_apro": null, "fecha_apro": null, "usr_carga": null, "fecha_carga": null}}, {"model": "commons.t_prematri_docu", "pk": 7, "fields": {"nom": "Formato tratamiento de datos del menor", "apren": 1, "docu": null, "esta": "Pendiente", "vali": "0", "usr_apro": null, "fecha_apro": null, "usr_carga": null, "fecha_carga": null}}, {"model": "commons.t_prematri_docu", "pk": 8, "fields": {"nom": "Documento de identidad", "apren": 2, "docu": null, "esta": "Pendiente", "vali": "0", "usr_apro": null, "fecha_apro": null, "usr_carga": null, "fecha_carga": null}}, {"model": "commons.t_prematri_docu", "pk": 9, "fields": {"nom": "EPS", "apren": 2, "docu": null, "esta": "Pendiente", "vali": "0", "usr_apro": null, "fecha_apro": null, "usr_carga": null, "fecha_carga": null}}, {"model": "commons.t_prematri_docu", "pk": 10, "fields": {"nom": "Cesion de derechos", "apren": 2, "docu": null, "esta": "Pendiente", "vali": "0", "usr_apro": null, "fecha_apro": null, "usr_carga": null, "fecha_carga": null}}, {"model": "commons.t_prematri_docu", "pk": 11, "fields": {"nom": "Formato inscripcion de matriculas", "apren": 2, "docu": null, "esta": "Pendiente", "vali": "0", "usr_apro": null, "fecha_apro": null, "usr_carga": null, "fecha_carga": null}}, {"model": "commons.t_prematri_docu", "pk": 12, "fields": {"nom": "Formato inscripcion proyecto etapa productiva", "apren": 2, "docu": null, "esta": "Pendiente", "vali": "0", "usr_apro": null, "fecha_apro": null, "usr_carga": null, "fecha_carga": null}}, {"model": "commons.t_prematri_docu", "pk": 13, "fields": {"nom": "Formato compromiso aprendiz", "apren": 2, "docu": null, "esta": "Pendiente", "vali": "0", "usr_apro": null, "fecha_apro": null, "usr_carga": null, "fecha_carga": null}}, {"model": "commons.t_prematri_docu", "pk": 14, "fields": {"nom": "Formato tratamiento de datos del menor", "apren": 2, "docu": null, "esta": "Pendiente", "vali": "0", "usr_apro": null, "fecha_apro": null, "usr_carga": null, "fecha_carga": null}}, {"model": "commons.t_prematri_docu", "pk": 15, "fields": {"nom": "Documento de identidad", "apren": 4, "docu": 70, "esta": "Cargado", "vali": "1", "usr_apro": 5, "fecha_apro": "2025-01-10", "usr_carga": 15, "fecha_carga": "2025-01-10"}}, {"model": "commons.t_prematri_docu", "pk": 16, "fields": {"nom": "EPS", "apren": 4, "docu": null, "esta": "Pendiente", "vali": "0", "usr_apro": null, "fecha_apro": null, "usr_carga": null, "fecha_carga": null}}, {"model": "commons.t_prematri_docu", "pk": 17, "fields": {"nom": "Cesion de derechos", "apren": 4, "docu": null, "esta": "Pendiente", "vali": "0", "usr_apro": null, "fecha_apro": null, "usr_carga": null, "fecha_carga": null}}, {"model": "commons.t_prematri_docu", "pk": 18, "fields": {"nom": "Formato inscripcion de matriculas", "apren": 4, "docu": null, "esta": "Pendiente", "vali": "0", "usr_apro": null, "fecha_apro": null, "usr_carga": null, "fecha_carga": null}}, {"model": "commons.t_prematri_docu", "pk": 19, "fields": {"nom": "Formato inscripcion proyecto etapa productiva", "apren": 4, "docu": null, "esta": "Pendiente", "vali": "0", "usr_apro": null, "fecha_apro": null, "usr_carga": null, "fecha_carga": null}}, {"model": "commons.t_prematri_docu", "pk": 20, "fields": {"nom": "Formato compromiso aprendiz", "apren": 4, "docu": null, "esta": "Pendiente", "vali": "0", "usr_apro": null, "fecha_apro": null, "usr_carga": null, "fecha_carga": null}}, {"model": "commons.t_prematri_docu", "pk": 21, "fields": {"nom": "Formato tratamiento de datos del menor", "apren": 4, "docu": null, "esta": "Pendiente", "vali": "0", "usr_apro": null, "fecha_apro": null, "usr_carga": null, "fecha_carga": null}}, {"model": "commons.t_acti_docu", "pk": 1, "fields": {"docu": 10, "acti": 12}}, {"model": "commons.t_acti_docu", "pk": 2, "fields": {"docu": 11, "acti": 13}}, {"model": "commons.t_acti_docu", "pk": 3, "fields": {"docu": 12, "acti": 14}}, {"model": "commons.t_acti_docu", "pk": 4, "fields": {"docu": 13, "acti": 15}}, {"model": "commons.t_acti_docu", "pk": 5, "fields": {"docu": 14, "acti": 16}}, {"model": "commons.t_acti_docu", "pk": 6, "fields": {"docu": 15, "acti": 17}}, {"model": "commons.t_acti_docu", "pk": 7, "fields": {"docu": 16, "acti": 18}}, {"model": "commons.t_acti_docu", "pk": 8, "fields": {"docu": 17, "acti": 19}}, {"model": "commons.t_acti_docu", "pk": 9, "fields": {"docu": 18, "acti": 20}}, {"model": "commons.t_acti_docu", "pk": 10, "fields": {"docu": 19, "acti": 21}}, {"model": "commons.t_acti_docu", "pk": 11, "fields": {"docu": 20, "acti": 22}}, {"model": "commons.t_acti_docu", "pk": 12, "fields": {"docu": 21, "acti": 24}}, {"model": "commons.t_acti_docu", "pk": 13, "fields": {"docu": 22, "acti": 25}}, {"model": "commons.t_acti_docu", "pk": 14, "fields": {"docu": 23, "acti": 26}}, {"model": "commons.t_acti_docu", "pk": 15, "fields": {"docu": 24, "acti": 27}}, {"model": "commons.t_acti_docu", "pk": 16, "fields": {"docu": 25, "acti": 28}}, {"model": "commons.t_acti_docu", "pk": 17, "fields": {"docu": 26, "acti": 29}}, {"model": "commons.t_acti_docu", "pk": 18, "fields": {"docu": 27, "acti": 30}}, {"model": "commons.t_acti_docu", "pk": 19, "fields": {"docu": 28, "acti": 31}}, {"model": "commons.t_acti_docu", "pk": 20, "fields": {"docu": 56, "acti": 32}}, {"model": "commons.t_acti_docu", "pk": 21, "fields": {"docu": 57, "acti": 33}}, {"model": "commons.t_tipo_nove", "pk": 1, "fields": {"nom": "Academico"}}, {"model": "commons.t_tipo_nove", "pk": 2, "fields": {"nom": "Administrativo"}}, {"model": "commons.t_tipo_nove", "pk": 3, "fields": {"nom": "Financiero"}}, {"model": "commons.t_subtipo_nove", "pk": 1, "fields": {"tipo": 1, "nom": "Entrega extratemporal"}}, {"model": "commons.t_subtipo_nove", "pk": 2, "fields": {"tipo": 1, "nom": "Excusas"}}, {"model": "commons.t_subtipo_nove", "pk": 3, "fields": {"tipo": 1, "nom": "Fallas"}}, {"model": "commons.t_subtipo_nove", "pk": 4, "fields": {"tipo": 1, "nom": "Disciplinario"}}, {"model": "commons.t_subtipo_nove", "pk": 5, "fields": {"tipo": 2, "nom": "Cambio de ficha"}}, {"model": "commons.t_subtipo_nove", "pk": 6, "fields": {"tipo": 2, "nom": "Actualizacion de datos"}}, {"model": "commons.t_subtipo_nove", "pk": 7, "fields": {"tipo": 3, "nom": "Cobros"}}, {"model": "commons.t_subtipo_nove", "pk": 8, "fields": {"tipo": 3, "nom": "Contratos"}}, {"model": "commons.t_nove", "pk": 1, "fields": {"nom": "Peticion 1", "descri": "Solicitud nueva entrega", "tipo": 1, "sub_tipo": 1, "estado": "creado"}}, {"model": "commons.t_nove", "pk": 2, "fields": {"nom": "Novedad 2", "descri": "Solicitud x", "tipo": 2, "sub_tipo": 5, "estado": "creado"}}, {"model": "commons.t_documentfolder", "pk": 1, "fields": {"name": "PLAN DE TRABAJO CON SUS DESCRIPTORES", "parent": null, "tipo": "carpeta", "ficha": 29, "url": null, "iden": null, "lft": 1, "rght": 18, "tree_id": 1, "level": 0}}, {"model": "commons.t_documentfolder", "pk": 2, "fields": {"name": "GFPI-F-135-GUIA DE APRENDIZAJE", "parent": null, "tipo": "carpeta", "ficha": 29, "url": null, "iden": null, "lft": 1, "rght": 42, "tree_id": 2, "level": 0}}, {"model": "commons.t_documentfolder", "pk": 3, "fields": {"name": "GORF-084-FORMATO ACTA", "parent": null, "tipo": "carpeta", "ficha": 29, "url": null, "iden": "3", "lft": 1, "rght": 4, "tree_id": 3, "level": 0}}, {"model": "commons.t_documentfolder", "pk": 4, "fields": {"name": "Cargar nuevo", "parent": 3, "tipo": "link", "ficha": 29, "url": "3/cargar_link_folders", "iden": null, "lft": 2, "rght": 3, "tree_id": 3, "level": 1}}, {"model": "commons.t_documentfolder", "pk": 5, "fields": {"name": "GFPI-F-023-PLANEACIN, SEGUIMIENTO Y EVALUACIN ETAPA PRODUCTIVA", "parent": null, "tipo": "carpeta", "ficha": 29, "url": null, "iden": "4", "lft": 1, "rght": 4, "tree_id": 4, "level": 0}}, {"model": "commons.t_documentfolder", "pk": 6, "fields": {"name": "Cargar nuevo", "parent": 5, "tipo": "link", "ficha": 29, "url": "4/cargar_link_folders", "iden": null, "lft": 2, "rght": 3, "tree_id": 4, "level": 1}}, {"model": "commons.t_documentfolder", "pk": 7, "fields": {"name": "FORMATO DE INASISTENCIAS", "parent": null, "tipo": "carpeta", "ficha": 29, "url": null, "iden": "5", "lft": 1, "rght": 4, "tree_id": 5, "level": 0}}, {"model": "commons.t_documentfolder", "pk": 8, "fields": {"name": "Cargar nuevo", "parent": 7, "tipo": "link", "ficha": 29, "url": "5/cargar_link_folders", "iden": null, "lft": 2, "rght": 3, "tree_id": 5, "level": 1}}, {"model": "commons.t_documentfolder", "pk": 9, "fields": {"name": "ACTA PLAN DE MEJORAMIENTO", "parent": null, "tipo": "carpeta", "ficha": 29, "url": null, "iden": null, "lft": 1, "rght": 18, "tree_id": 6, "level": 0}}, {"model": "commons.t_documentfolder", "pk": 10, "fields": {"name": "EVIDENCIAS DE ESTRATEGIA DE NIVELACION", "parent": null, "tipo": "carpeta", "ficha": 29, "url": null, "iden": "7", "lft": 1, "rght": 4, "tree_id": 7, "level": 0}}, {"model": "commons.t_documentfolder", "pk": 11, "fields": {"name": "Cargar nuevo", "parent": 10, "tipo": "link", "ficha": 29, "url": "7/cargar_link_folders", "iden": null, "lft": 2, "rght": 3, "tree_id": 7, "level": 1}}, {"model": "commons.t_documentfolder", "pk": 12, "fields": {"name": "FORMATO DE HOMOLOGACION", "parent": null, "tipo": "carpeta", "ficha": 29, "url": null, "iden": "8", "lft": 1, "rght": 4, "tree_id": 8, "level": 0}}, {"model": "commons.t_documentfolder", "pk": 13, "fields": {"name": "Cargar nuevo", "parent": 12, "tipo": "link", "ficha": 29, "url": "8/cargar_link_folders", "iden": null, "lft": 2, "rght": 3, "tree_id": 8, "level": 1}}, {"model": "commons.t_documentfolder", "pk": 14, "fields": {"name": "ANALISIS", "parent": 1, "tipo": "carpeta", "ficha": 29, "url": null, "iden": "1_1", "lft": 2, "rght": 5, "tree_id": 1, "level": 1}}, {"model": "commons.t_documentfolder", "pk": 15, "fields": {"name": "Cargar nuevo", "parent": 14, "tipo": "link", "ficha": 29, "url": "1_1/cargar_link_folders", "iden": null, "lft": 3, "rght": 4, "tree_id": 1, "level": 2}}, {"model": "commons.t_documentfolder", "pk": 16, "fields": {"name": "PLANEACION", "parent": 1, "tipo": "carpeta", "ficha": 29, "url": null, "iden": "1_2", "lft": 6, "rght": 9, "tree_id": 1, "level": 1}}, {"model": "commons.t_documentfolder", "pk": 17, "fields": {"name": "Cargar nuevo", "parent": 16, "tipo": "link", "ficha": 29, "url": "1_2/cargar_link_folders", "iden": null, "lft": 7, "rght": 8, "tree_id": 1, "level": 2}}, {"model": "commons.t_documentfolder", "pk": 18, "fields": {"name": "EJECUCION ", "parent": 1, "tipo": "carpeta", "ficha": 29, "url": null, "iden": "1_3", "lft": 10, "rght": 13, "tree_id": 1, "level": 1}}, {"model": "commons.t_documentfolder", "pk": 19, "fields": {"name": "Cargar nuevo", "parent": 18, "tipo": "link", "ficha": 29, "url": "1_3/cargar_link_folders", "iden": null, "lft": 11, "rght": 12, "tree_id": 1, "level": 2}}, {"model": "commons.t_documentfolder", "pk": 20, "fields": {"name": "EVALUACION", "parent": 1, "tipo": "carpeta", "ficha": 29, "url": null, "iden": "1_4", "lft": 14, "rght": 17, "tree_id": 1, "level": 1}}, {"model": "commons.t_documentfolder", "pk": 21, "fields": {"name": "Cargar nuevo", "parent": 20, "tipo": "link", "ficha": 29, "url": "1_4/cargar_link_folders", "iden": null, "lft": 15, "rght": 16, "tree_id": 1, "level": 2}}, {"model": "commons.t_documentfolder", "pk": 22, "fields": {"name": "ANALISIS", "parent": 2, "tipo": "carpeta", "ficha": 29, "url": null, "iden": null, "lft": 2, "rght": 11, "tree_id": 2, "level": 1}}, {"model": "commons.t_documentfolder", "pk": 23, "fields": {"name": "PLANEACION", "parent": 2, "tipo": "carpeta", "ficha": 29, "url": null, "iden": null, "lft": 12, "rght": 21, "tree_id": 2, "level": 1}}, {"model": "commons.t_documentfolder", "pk": 24, "fields": {"name": "EJECUCION ", "parent": 2, "tipo": "carpeta", "ficha": 29, "url": null, "iden": null, "lft": 22, "rght": 31, "tree_id": 2, "level": 1}}, {"model": "commons.t_documentfolder", "pk": 25, "fields": {"name": "EVALUACION", "parent": 2, "tipo": "carpeta", "ficha": 29, "url": null, "iden": null, "lft": 32, "rght": 41, "tree_id": 2, "level": 1}}, {"model": "commons.t_documentfolder", "pk": 26, "fields": {"name": "GUIAS DE LA FASE", "parent": 22, "tipo": "carpeta", "ficha": 29, "url": null, "iden": "2_1_1", "lft": 3, "rght": 6, "tree_id": 2, "level": 2}}, {"model": "commons.t_documentfolder", "pk": 27, "fields": {"name": "Cargar nuevo", "parent": 26, "tipo": "link", "ficha": 29, "url": "2_1_1/cargar_link_folders", "iden": null, "lft": 4, "rght": 5, "tree_id": 2, "level": 3}}, {"model": "commons.t_documentfolder", "pk": 28, "fields": {"name": "INSTRUMENTOS DE EVALUACION", "parent": 22, "tipo": "carpeta", "ficha": 29, "url": null, "iden": "2_1_2", "lft": 7, "rght": 10, "tree_id": 2, "level": 2}}, {"model": "commons.t_documentfolder", "pk": 29, "fields": {"name": "Cargar nuevo", "parent": 28, "tipo": "link", "ficha": 29, "url": "2_1_2/cargar_link_folders", "iden": null, "lft": 8, "rght": 9, "tree_id": 2, "level": 3}}, {"model": "commons.t_documentfolder", "pk": 30, "fields": {"name": "GUIAS DE LA FASE", "parent": 23, "tipo": "carpeta", "ficha": 29, "url": null, "iden": "2_2_1", "lft": 13, "rght": 16, "tree_id": 2, "level": 2}}, {"model": "commons.t_documentfolder", "pk": 31, "fields": {"name": "Cargar nuevo", "parent": 30, "tipo": "link", "ficha": 29, "url": "2_2_1/cargar_link_folders", "iden": null, "lft": 14, "rght": 15, "tree_id": 2, "level": 3}}, {"model": "commons.t_documentfolder", "pk": 32, "fields": {"name": "INSTRUMENTOS DE EVALUACION", "parent": 23, "tipo": "carpeta", "ficha": 29, "url": null, "iden": "2_2_2", "lft": 17, "rght": 20, "tree_id": 2, "level": 2}}, {"model": "commons.t_documentfolder", "pk": 33, "fields": {"name": "Cargar nuevo", "parent": 32, "tipo": "link", "ficha": 29, "url": "2_2_2/cargar_link_folders", "iden": null, "lft": 18, "rght": 19, "tree_id": 2, "level": 3}}, {"model": "commons.t_documentfolder", "pk": 34, "fields": {"name": "GUIAS DE LA FASE", "parent": 24, "tipo": "carpeta", "ficha": 29, "url": null, "iden": "2_3_1", "lft": 23, "rght": 26, "tree_id": 2, "level": 2}}, {"model": "commons.t_documentfolder", "pk": 35, "fields": {"name": "Cargar nuevo", "parent": 34, "tipo": "link", "ficha": 29, "url": "2_3_1/cargar_link_folders", "iden": null, "lft": 24, "rght": 25, "tree_id": 2, "level": 3}}, {"model": "commons.t_documentfolder", "pk": 36, "fields": {"name": "INSTRUMENTOS DE EVALUACION", "parent": 24, "tipo": "carpeta", "ficha": 29, "url": null, "iden": "2_3_2", "lft": 27, "rght": 30, "tree_id": 2, "level": 2}}, {"model": "commons.t_documentfolder", "pk": 37, "fields": {"name": "Cargar nuevo", "parent": 36, "tipo": "link", "ficha": 29, "url": "2_3_2/cargar_link_folders", "iden": null, "lft": 28, "rght": 29, "tree_id": 2, "level": 3}}, {"model": "commons.t_documentfolder", "pk": 38, "fields": {"name": "GUIAS DE LA FASE", "parent": 25, "tipo": "carpeta", "ficha": 29, "url": null, "iden": "2_4_1", "lft": 33, "rght": 36, "tree_id": 2, "level": 2}}, {"model": "commons.t_documentfolder", "pk": 39, "fields": {"name": "Cargar nuevo", "parent": 38, "tipo": "link", "ficha": 29, "url": "2_4_1/cargar_link_folders", "iden": null, "lft": 34, "rght": 35, "tree_id": 2, "level": 3}}, {"model": "commons.t_documentfolder", "pk": 40, "fields": {"name": "INSTRUMENTOS DE EVALUACION", "parent": 25, "tipo": "carpeta", "ficha": 29, "url": null, "iden": "2_4_2", "lft": 37, "rght": 40, "tree_id": 2, "level": 2}}, {"model": "commons.t_documentfolder", "pk": 41, "fields": {"name": "Cargar nuevo", "parent": 40, "tipo": "link", "ficha": 29, "url": "2_4_2/cargar_link_folders", "iden": null, "lft": 38, "rght": 39, "tree_id": 2, "level": 3}}, {"model": "commons.t_documentfolder", "pk": 42, "fields": {"name": "ANALISIS", "parent": 9, "tipo": "carpeta", "ficha": 29, "url": null, "iden": "6_1", "lft": 2, "rght": 5, "tree_id": 6, "level": 1}}, {"model": "commons.t_documentfolder", "pk": 43, "fields": {"name": "Cargar nuevo", "parent": 42, "tipo": "link", "ficha": 29, "url": "6_1/cargar_link_folders", "iden": null, "lft": 3, "rght": 4, "tree_id": 6, "level": 2}}, {"model": "commons.t_documentfolder", "pk": 44, "fields": {"name": "PLANEACION", "parent": 9, "tipo": "carpeta", "ficha": 29, "url": null, "iden": "6_2", "lft": 6, "rght": 9, "tree_id": 6, "level": 1}}, {"model": "commons.t_documentfolder", "pk": 45, "fields": {"name": "Cargar nuevo", "parent": 44, "tipo": "link", "ficha": 29, "url": "6_2/cargar_link_folders", "iden": null, "lft": 7, "rght": 8, "tree_id": 6, "level": 2}}, {"model": "commons.t_documentfolder", "pk": 46, "fields": {"name": "EJECUCION ", "parent": 9, "tipo": "carpeta", "ficha": 29, "url": null, "iden": "6_3", "lft": 10, "rght": 13, "tree_id": 6, "level": 1}}, {"model": "commons.t_documentfolder", "pk": 47, "fields": {"name": "Cargar nuevo", "parent": 46, "tipo": "link", "ficha": 29, "url": "6_3/cargar_link_folders", "iden": null, "lft": 11, "rght": 12, "tree_id": 6, "level": 2}}, {"model": "commons.t_documentfolder", "pk": 48, "fields": {"name": "EVALUACION", "parent": 9, "tipo": "carpeta", "ficha": 29, "url": null, "iden": "6_4", "lft": 14, "rght": 17, "tree_id": 6, "level": 1}}, {"model": "commons.t_documentfolder", "pk": 49, "fields": {"name": "Cargar nuevo", "parent": 48, "tipo": "link", "ficha": 29, "url": "6_4/cargar_link_folders", "iden": null, "lft": 15, "rght": 16, "tree_id": 6, "level": 2}}, {"model": "commons.t_documentfolder", "pk": 50, "fields": {"name": "PLAN DE TRABAJO CON SUS DESCRIPTORES", "parent": null, "tipo": "carpeta", "ficha": 30, "url": null, "iden": null, "lft": 1, "rght": 18, "tree_id": 9, "level": 0}}, {"model": "commons.t_documentfolder", "pk": 51, "fields": {"name": "GFPI-F-135-GUIA DE APRENDIZAJE", "parent": null, "tipo": "carpeta", "ficha": 30, "url": null, "iden": null, "lft": 1, "rght": 42, "tree_id": 10, "level": 0}}, {"model": "commons.t_documentfolder", "pk": 52, "fields": {"name": "GORF-084-FORMATO ACTA", "parent": null, "tipo": "carpeta", "ficha": 30, "url": null, "iden": "3", "lft": 1, "rght": 4, "tree_id": 11, "level": 0}}, {"model": "commons.t_documentfolder", "pk": 53, "fields": {"name": "Cargar nuevo", "parent": 52, "tipo": "link", "ficha": 30, "url": "3/cargar_link_folders", "iden": null, "lft": 2, "rght": 3, "tree_id": 11, "level": 1}}, {"model": "commons.t_documentfolder", "pk": 54, "fields": {"name": "GFPI-F-023-PLANEACIN, SEGUIMIENTO Y EVALUACIN ETAPA PRODUCTIVA", "parent": null, "tipo": "carpeta", "ficha": 30, "url": null, "iden": "4", "lft": 1, "rght": 4, "tree_id": 12, "level": 0}}, {"model": "commons.t_documentfolder", "pk": 55, "fields": {"name": "Cargar nuevo", "parent": 54, "tipo": "link", "ficha": 30, "url": "4/cargar_link_folders", "iden": null, "lft": 2, "rght": 3, "tree_id": 12, "level": 1}}, {"model": "commons.t_documentfolder", "pk": 56, "fields": {"name": "FORMATO DE INASISTENCIAS", "parent": null, "tipo": "carpeta", "ficha": 30, "url": null, "iden": "5", "lft": 1, "rght": 4, "tree_id": 13, "level": 0}}, {"model": "commons.t_documentfolder", "pk": 57, "fields": {"name": "Cargar nuevo", "parent": 56, "tipo": "link", "ficha": 30, "url": "5/cargar_link_folders", "iden": null, "lft": 2, "rght": 3, "tree_id": 13, "level": 1}}, {"model": "commons.t_documentfolder", "pk": 58, "fields": {"name": "ACTA PLAN DE MEJORAMIENTO", "parent": null, "tipo": "carpeta", "ficha": 30, "url": null, "iden": null, "lft": 1, "rght": 18, "tree_id": 14, "level": 0}}, {"model": "commons.t_documentfolder", "pk": 59, "fields": {"name": "EVIDENCIAS DE ESTRATEGIA DE NIVELACION", "parent": null, "tipo": "carpeta", "ficha": 30, "url": null, "iden": "7", "lft": 1, "rght": 4, "tree_id": 15, "level": 0}}, {"model": "commons.t_documentfolder", "pk": 60, "fields": {"name": "Cargar nuevo", "parent": 59, "tipo": "link", "ficha": 30, "url": "7/cargar_link_folders", "iden": null, "lft": 2, "rght": 3, "tree_id": 15, "level": 1}}, {"model": "commons.t_documentfolder", "pk": 61, "fields": {"name": "FORMATO DE HOMOLOGACION", "parent": null, "tipo": "carpeta", "ficha": 30, "url": null, "iden": "8", "lft": 1, "rght": 4, "tree_id": 16, "level": 0}}, {"model": "commons.t_documentfolder", "pk": 62, "fields": {"name": "Cargar nuevo", "parent": 61, "tipo": "link", "ficha": 30, "url": "8/cargar_link_folders", "iden": null, "lft": 2, "rght": 3, "tree_id": 16, "level": 1}}, {"model": "commons.t_documentfolder", "pk": 63, "fields": {"name": "ANALISIS", "parent": 50, "tipo": "carpeta", "ficha": 30, "url": null, "iden": "1_1", "lft": 2, "rght": 5, "tree_id": 9, "level": 1}}, {"model": "commons.t_documentfolder", "pk": 64, "fields": {"name": "Cargar nuevo", "parent": 63, "tipo": "link", "ficha": 30, "url": "1_1/cargar_link_folders", "iden": null, "lft": 3, "rght": 4, "tree_id": 9, "level": 2}}, {"model": "commons.t_documentfolder", "pk": 65, "fields": {"name": "PLANEACION", "parent": 50, "tipo": "carpeta", "ficha": 30, "url": null, "iden": "1_2", "lft": 6, "rght": 9, "tree_id": 9, "level": 1}}, {"model": "commons.t_documentfolder", "pk": 66, "fields": {"name": "Cargar nuevo", "parent": 65, "tipo": "link", "ficha": 30, "url": "1_2/cargar_link_folders", "iden": null, "lft": 7, "rght": 8, "tree_id": 9, "level": 2}}, {"model": "commons.t_documentfolder", "pk": 67, "fields": {"name": "EJECUCION ", "parent": 50, "tipo": "carpeta", "ficha": 30, "url": null, "iden": "1_3", "lft": 10, "rght": 13, "tree_id": 9, "level": 1}}, {"model": "commons.t_documentfolder", "pk": 68, "fields": {"name": "Cargar nuevo", "parent": 67, "tipo": "link", "ficha": 30, "url": "1_3/cargar_link_folders", "iden": null, "lft": 11, "rght": 12, "tree_id": 9, "level": 2}}, {"model": "commons.t_documentfolder", "pk": 69, "fields": {"name": "EVALUACION", "parent": 50, "tipo": "carpeta", "ficha": 30, "url": null, "iden": "1_4", "lft": 14, "rght": 17, "tree_id": 9, "level": 1}}, {"model": "commons.t_documentfolder", "pk": 70, "fields": {"name": "Cargar nuevo", "parent": 69, "tipo": "link", "ficha": 30, "url": "1_4/cargar_link_folders", "iden": null, "lft": 15, "rght": 16, "tree_id": 9, "level": 2}}, {"model": "commons.t_documentfolder", "pk": 71, "fields": {"name": "ANALISIS", "parent": 51, "tipo": "carpeta", "ficha": 30, "url": null, "iden": null, "lft": 2, "rght": 11, "tree_id": 10, "level": 1}}, {"model": "commons.t_documentfolder", "pk": 72, "fields": {"name": "PLANEACION", "parent": 51, "tipo": "carpeta", "ficha": 30, "url": null, "iden": null, "lft": 12, "rght": 21, "tree_id": 10, "level": 1}}, {"model": "commons.t_documentfolder", "pk": 73, "fields": {"name": "EJECUCION ", "parent": 51, "tipo": "carpeta", "ficha": 30, "url": null, "iden": null, "lft": 22, "rght": 31, "tree_id": 10, "level": 1}}, {"model": "commons.t_documentfolder", "pk": 74, "fields": {"name": "EVALUACION", "parent": 51, "tipo": "carpeta", "ficha": 30, "url": null, "iden": null, "lft": 32, "rght": 41, "tree_id": 10, "level": 1}}, {"model": "commons.t_documentfolder", "pk": 75, "fields": {"name": "GUIAS DE LA FASE", "parent": 71, "tipo": "carpeta", "ficha": 30, "url": null, "iden": "2_1_1", "lft": 3, "rght": 6, "tree_id": 10, "level": 2}}, {"model": "commons.t_documentfolder", "pk": 76, "fields": {"name": "Cargar nuevo", "parent": 75, "tipo": "link", "ficha": 30, "url": "2_1_1/cargar_link_folders", "iden": null, "lft": 4, "rght": 5, "tree_id": 10, "level": 3}}, {"model": "commons.t_documentfolder", "pk": 77, "fields": {"name": "INSTRUMENTOS DE EVALUACION", "parent": 71, "tipo": "carpeta", "ficha": 30, "url": null, "iden": "2_1_2", "lft": 7, "rght": 10, "tree_id": 10, "level": 2}}, {"model": "commons.t_documentfolder", "pk": 78, "fields": {"name": "Cargar nuevo", "parent": 77, "tipo": "link", "ficha": 30, "url": "2_1_2/cargar_link_folders", "iden": null, "lft": 8, "rght": 9, "tree_id": 10, "level": 3}}, {"model": "commons.t_documentfolder", "pk": 79, "fields": {"name": "GUIAS DE LA FASE", "parent": 72, "tipo": "carpeta", "ficha": 30, "url": null, "iden": "2_2_1", "lft": 13, "rght": 16, "tree_id": 10, "level": 2}}, {"model": "commons.t_documentfolder", "pk": 80, "fields": {"name": "Cargar nuevo", "parent": 79, "tipo": "link", "ficha": 30, "url": "2_2_1/cargar_link_folders", "iden": null, "lft": 14, "rght": 15, "tree_id": 10, "level": 3}}, {"model": "commons.t_documentfolder", "pk": 81, "fields": {"name": "INSTRUMENTOS DE EVALUACION", "parent": 72, "tipo": "carpeta", "ficha": 30, "url": null, "iden": "2_2_2", "lft": 17, "rght": 20, "tree_id": 10, "level": 2}}, {"model": "commons.t_documentfolder", "pk": 82, "fields": {"name": "Cargar nuevo", "parent": 81, "tipo": "link", "ficha": 30, "url": "2_2_2/cargar_link_folders", "iden": null, "lft": 18, "rght": 19, "tree_id": 10, "level": 3}}, {"model": "commons.t_documentfolder", "pk": 83, "fields": {"name": "GUIAS DE LA FASE", "parent": 73, "tipo": "carpeta", "ficha": 30, "url": null, "iden": "2_3_1", "lft": 23, "rght": 26, "tree_id": 10, "level": 2}}, {"model": "commons.t_documentfolder", "pk": 84, "fields": {"name": "Cargar nuevo", "parent": 83, "tipo": "link", "ficha": 30, "url": "2_3_1/cargar_link_folders", "iden": null, "lft": 24, "rght": 25, "tree_id": 10, "level": 3}}, {"model": "commons.t_documentfolder", "pk": 85, "fields": {"name": "INSTRUMENTOS DE EVALUACION", "parent": 73, "tipo": "carpeta", "ficha": 30, "url": null, "iden": "2_3_2", "lft": 27, "rght": 30, "tree_id": 10, "level": 2}}, {"model": "commons.t_documentfolder", "pk": 86, "fields": {"name": "Cargar nuevo", "parent": 85, "tipo": "link", "ficha": 30, "url": "2_3_2/cargar_link_folders", "iden": null, "lft": 28, "rght": 29, "tree_id": 10, "level": 3}}, {"model": "commons.t_documentfolder", "pk": 87, "fields": {"name": "GUIAS DE LA FASE", "parent": 74, "tipo": "carpeta", "ficha": 30, "url": null, "iden": "2_4_1", "lft": 33, "rght": 36, "tree_id": 10, "level": 2}}, {"model": "commons.t_documentfolder", "pk": 88, "fields": {"name": "Cargar nuevo", "parent": 87, "tipo": "link", "ficha": 30, "url": "2_4_1/cargar_link_folders", "iden": null, "lft": 34, "rght": 35, "tree_id": 10, "level": 3}}, {"model": "commons.t_documentfolder", "pk": 89, "fields": {"name": "INSTRUMENTOS DE EVALUACION", "parent": 74, "tipo": "carpeta", "ficha": 30, "url": null, "iden": "2_4_2", "lft": 37, "rght": 40, "tree_id": 10, "level": 2}}, {"model": "commons.t_documentfolder", "pk": 90, "fields": {"name": "Cargar nuevo", "parent": 89, "tipo": "link", "ficha": 30, "url": "2_4_2/cargar_link_folders", "iden": null, "lft": 38, "rght": 39, "tree_id": 10, "level": 3}}, {"model": "commons.t_documentfolder", "pk": 91, "fields": {"name": "ANALISIS", "parent": 58, "tipo": "carpeta", "ficha": 30, "url": null, "iden": "6_1", "lft": 2, "rght": 5, "tree_id": 14, "level": 1}}, {"model": "commons.t_documentfolder", "pk": 92, "fields": {"name": "Cargar nuevo", "parent": 91, "tipo": "link", "ficha": 30, "url": "6_1/cargar_link_folders", "iden": null, "lft": 3, "rght": 4, "tree_id": 14, "level": 2}}, {"model": "commons.t_documentfolder", "pk": 93, "fields": {"name": "PLANEACION", "parent": 58, "tipo": "carpeta", "ficha": 30, "url": null, "iden": "6_2", "lft": 6, "rght": 9, "tree_id": 14, "level": 1}}, {"model": "commons.t_documentfolder", "pk": 94, "fields": {"name": "Cargar nuevo", "parent": 93, "tipo": "link", "ficha": 30, "url": "6_2/cargar_link_folders", "iden": null, "lft": 7, "rght": 8, "tree_id": 14, "level": 2}}, {"model": "commons.t_documentfolder", "pk": 95, "fields": {"name": "EJECUCION ", "parent": 58, "tipo": "carpeta", "ficha": 30, "url": null, "iden": "6_3", "lft": 10, "rght": 13, "tree_id": 14, "level": 1}}, {"model": "commons.t_documentfolder", "pk": 96, "fields": {"name": "Cargar nuevo", "parent": 95, "tipo": "link", "ficha": 30, "url": "6_3/cargar_link_folders", "iden": null, "lft": 11, "rght": 12, "tree_id": 14, "level": 2}}, {"model": "commons.t_documentfolder", "pk": 97, "fields": {"name": "EVALUACION", "parent": 58, "tipo": "carpeta", "ficha": 30, "url": null, "iden": "6_4", "lft": 14, "rght": 17, "tree_id": 14, "level": 1}}, {"model": "commons.t_documentfolder", "pk": 98, "fields": {"name": "Cargar nuevo", "parent": 97, "tipo": "link", "ficha": 30, "url": "6_4/cargar_link_folders", "iden": null, "lft": 15, "rght": 16, "tree_id": 14, "level": 2}}, {"model": "commons.t_documentfolderaprendiz", "pk": 1, "fields": {"name": "ACTA PLAN DE MEJORAMIENTO", "parent": null, "tipo": "carpeta", "ficha": 29, "aprendiz": 1, "url": null, "iden": "1", "lft": 1, "rght": 18, "tree_id": 1, "level": 0}}, {"model": "commons.t_documentfolderaprendiz", "pk": 2, "fields": {"name": "PLANEACION SEGUIMIENTO Y EVALUACION ETAPA PRODUCTIVA", "parent": null, "tipo": "carpeta", "ficha": 29, "aprendiz": 1, "url": null, "iden": "2", "lft": 1, "rght": 4, "tree_id": 2, "level": 0}}, {"model": "commons.t_documentfolderaprendiz", "pk": 3, "fields": {"name": "Cargar nuevo", "parent": 2, "tipo": "link", "ficha": 29, "aprendiz": 1, "url": "2/cargar_link_folders", "iden": null, "lft": 2, "rght": 3, "tree_id": 2, "level": 1}}, {"model": "commons.t_documentfolderaprendiz", "pk": 4, "fields": {"name": "GUIA DE APENDIZAJE", "parent": null, "tipo": "carpeta", "ficha": 29, "aprendiz": 1, "url": null, "iden": "3", "lft": 1, "rght": 42, "tree_id": 3, "level": 0}}, {"model": "commons.t_documentfolderaprendiz", "pk": 5, "fields": {"name": "EVIDENCIAS", "parent": null, "tipo": "carpeta", "ficha": 29, "aprendiz": 1, "url": null, "iden": "4", "lft": 1, "rght": 18, "tree_id": 4, "level": 0}}, {"model": "commons.t_documentfolderaprendiz", "pk": 6, "fields": {"name": "PLAN DE TRABAJO CON SUS DESCRIPTORES", "parent": null, "tipo": "carpeta", "ficha": 29, "aprendiz": 1, "url": null, "iden": "5", "lft": 1, "rght": 18, "tree_id": 5, "level": 0}}, {"model": "commons.t_documentfolderaprendiz", "pk": 7, "fields": {"name": "ANALISIS", "parent": 1, "tipo": "carpeta", "ficha": 29, "aprendiz": 1, "url": null, "iden": "1_1", "lft": 2, "rght": 5, "tree_id": 1, "level": 1}}, {"model": "commons.t_documentfolderaprendiz", "pk": 8, "fields": {"name": "Cargar nuevo", "parent": 7, "tipo": "link", "ficha": 29, "aprendiz": 1, "url": "1_1/cargar_link_folders", "iden": null, "lft": 3, "rght": 4, "tree_id": 1, "level": 2}}, {"model": "commons.t_documentfolderaprendiz", "pk": 9, "fields": {"name": "PLANEACION", "parent": 1, "tipo": "carpeta", "ficha": 29, "aprendiz": 1, "url": null, "iden": "1_2", "lft": 6, "rght": 9, "tree_id": 1, "level": 1}}, {"model": "commons.t_documentfolderaprendiz", "pk": 10, "fields": {"name": "Cargar nuevo", "parent": 9, "tipo": "link", "ficha": 29, "aprendiz": 1, "url": "1_2/cargar_link_folders", "iden": null, "lft": 7, "rght": 8, "tree_id": 1, "level": 2}}, {"model": "commons.t_documentfolderaprendiz", "pk": 11, "fields": {"name": "EJECUCION ", "parent": 1, "tipo": "carpeta", "ficha": 29, "aprendiz": 1, "url": null, "iden": "1_3", "lft": 10, "rght": 13, "tree_id": 1, "level": 1}}, {"model": "commons.t_documentfolderaprendiz", "pk": 12, "fields": {"name": "Cargar nuevo", "parent": 11, "tipo": "link", "ficha": 29, "aprendiz": 1, "url": "1_3/cargar_link_folders", "iden": null, "lft": 11, "rght": 12, "tree_id": 1, "level": 2}}, {"model": "commons.t_documentfolderaprendiz", "pk": 13, "fields": {"name": "EVALUACION", "parent": 1, "tipo": "carpeta", "ficha": 29, "aprendiz": 1, "url": null, "iden": "1_4", "lft": 14, "rght": 17, "tree_id": 1, "level": 1}}, {"model": "commons.t_documentfolderaprendiz", "pk": 14, "fields": {"name": "Cargar nuevo", "parent": 13, "tipo": "link", "ficha": 29, "aprendiz": 1, "url": "1_4/cargar_link_folders", "iden": null, "lft": 15, "rght": 16, "tree_id": 1, "level": 2}}, {"model": "commons.t_documentfolderaprendiz", "pk": 15, "fields": {"name": "ANALISIS", "parent": 4, "tipo": "carpeta", "ficha": 29, "aprendiz": 1, "url": null, "iden": null, "lft": 2, "rght": 11, "tree_id": 3, "level": 1}}, {"model": "commons.t_documentfolderaprendiz", "pk": 16, "fields": {"name": "PLANEACION", "parent": 4, "tipo": "carpeta", "ficha": 29, "aprendiz": 1, "url": null, "iden": null, "lft": 12, "rght": 21, "tree_id": 3, "level": 1}}, {"model": "commons.t_documentfolderaprendiz", "pk": 17, "fields": {"name": "EJECUCION ", "parent": 4, "tipo": "carpeta", "ficha": 29, "aprendiz": 1, "url": null, "iden": null, "lft": 22, "rght": 31, "tree_id": 3, "level": 1}}, {"model": "commons.t_documentfolderaprendiz", "pk": 18, "fields": {"name": "EVALUACION", "parent": 4, "tipo": "carpeta", "ficha": 29, "aprendiz": 1, "url": null, "iden": null, "lft": 32, "rght": 41, "tree_id": 3, "level": 1}}, {"model": "commons.t_documentfolderaprendiz", "pk": 19, "fields": {"name": "GUIAS DE LA FASE", "parent": 15, "tipo": "carpeta", "ficha": 29, "aprendiz": 1, "url": null, "iden": "3_1_1", "lft": 3, "rght": 6, "tree_id": 3, "level": 2}}, {"model": "commons.t_documentfolderaprendiz", "pk": 20, "fields": {"name": "Cargar nuevo", "parent": 19, "tipo": "link", "ficha": 29, "aprendiz": 1, "url": "3_1_1/cargar_link_folders", "iden": null, "lft": 4, "rght": 5, "tree_id": 3, "level": 3}}, {"model": "commons.t_documentfolderaprendiz", "pk": 21, "fields": {"name": "INSTRUMENTOS DE EVALUACION", "parent": 15, "tipo": "carpeta", "ficha": 29, "aprendiz": 1, "url": null, "iden": "3_1_2", "lft": 7, "rght": 10, "tree_id": 3, "level": 2}}, {"model": "commons.t_documentfolderaprendiz", "pk": 22, "fields": {"name": "Cargar nuevo", "parent": 21, "tipo": "link", "ficha": 29, "aprendiz": 1, "url": "3_1_2/cargar_link_folders", "iden": null, "lft": 8, "rght": 9, "tree_id": 3, "level": 3}}, {"model": "commons.t_documentfolderaprendiz", "pk": 23, "fields": {"name": "GUIAS DE LA FASE", "parent": 16, "tipo": "carpeta", "ficha": 29, "aprendiz": 1, "url": null, "iden": "3_2_1", "lft": 13, "rght": 16, "tree_id": 3, "level": 2}}, {"model": "commons.t_documentfolderaprendiz", "pk": 24, "fields": {"name": "Cargar nuevo", "parent": 23, "tipo": "link", "ficha": 29, "aprendiz": 1, "url": "3_2_1/cargar_link_folders", "iden": null, "lft": 14, "rght": 15, "tree_id": 3, "level": 3}}, {"model": "commons.t_documentfolderaprendiz", "pk": 25, "fields": {"name": "INSTRUMENTOS DE EVALUACION", "parent": 16, "tipo": "carpeta", "ficha": 29, "aprendiz": 1, "url": null, "iden": "3_2_2", "lft": 17, "rght": 20, "tree_id": 3, "level": 2}}, {"model": "commons.t_documentfolderaprendiz", "pk": 26, "fields": {"name": "Cargar nuevo", "parent": 25, "tipo": "link", "ficha": 29, "aprendiz": 1, "url": "3_2_2/cargar_link_folders", "iden": null, "lft": 18, "rght": 19, "tree_id": 3, "level": 3}}, {"model": "commons.t_documentfolderaprendiz", "pk": 27, "fields": {"name": "GUIAS DE LA FASE", "parent": 17, "tipo": "carpeta", "ficha": 29, "aprendiz": 1, "url": null, "iden": "3_3_1", "lft": 23, "rght": 26, "tree_id": 3, "level": 2}}, {"model": "commons.t_documentfolderaprendiz", "pk": 28, "fields": {"name": "Cargar nuevo", "parent": 27, "tipo": "link", "ficha": 29, "aprendiz": 1, "url": "3_3_1/cargar_link_folders", "iden": null, "lft": 24, "rght": 25, "tree_id": 3, "level": 3}}, {"model": "commons.t_documentfolderaprendiz", "pk": 29, "fields": {"name": "INSTRUMENTOS DE EVALUACION", "parent": 17, "tipo": "carpeta", "ficha": 29, "aprendiz": 1, "url": null, "iden": "3_3_2", "lft": 27, "rght": 30, "tree_id": 3, "level": 2}}, {"model": "commons.t_documentfolderaprendiz", "pk": 30, "fields": {"name": "Cargar nuevo", "parent": 29, "tipo": "link", "ficha": 29, "aprendiz": 1, "url": "3_3_2/cargar_link_folders", "iden": null, "lft": 28, "rght": 29, "tree_id": 3, "level": 3}}, {"model": "commons.t_documentfolderaprendiz", "pk": 31, "fields": {"name": "GUIAS DE LA FASE", "parent": 18, "tipo": "carpeta", "ficha": 29, "aprendiz": 1, "url": null, "iden": "3_4_1", "lft": 33, "rght": 36, "tree_id": 3, "level": 2}}, {"model": "commons.t_documentfolderaprendiz", "pk": 32, "fields": {"name": "Cargar nuevo", "parent": 31, "tipo": "link", "ficha": 29, "aprendiz": 1, "url": "3_4_1/cargar_link_folders", "iden": null, "lft": 34, "rght": 35, "tree_id": 3, "level": 3}}, {"model": "commons.t_documentfolderaprendiz", "pk": 33, "fields": {"name": "INSTRUMENTOS DE EVALUACION", "parent": 18, "tipo": "carpeta", "ficha": 29, "aprendiz": 1, "url": null, "iden": "3_4_2", "lft": 37, "rght": 40, "tree_id": 3, "level": 2}}, {"model": "commons.t_documentfolderaprendiz", "pk": 34, "fields": {"name": "Cargar nuevo", "parent": 33, "tipo": "link", "ficha": 29, "aprendiz": 1, "url": "3_4_2/cargar_link_folders", "iden": null, "lft": 38, "rght": 39, "tree_id": 3, "level": 3}}, {"model": "commons.t_documentfolderaprendiz", "pk": 35, "fields": {"name": "ANALISIS", "parent": 5, "tipo": "carpeta", "ficha": 29, "aprendiz": 1, "url": null, "iden": "4_1", "lft": 2, "rght": 5, "tree_id": 4, "level": 1}}, {"model": "commons.t_documentfolderaprendiz", "pk": 36, "fields": {"name": "Cargar nuevo", "parent": 35, "tipo": "link", "ficha": 29, "aprendiz": 1, "url": "4_1/cargar_link_folders", "iden": null, "lft": 3, "rght": 4, "tree_id": 4, "level": 2}}, {"model": "commons.t_documentfolderaprendiz", "pk": 37, "fields": {"name": "PLANEACION", "parent": 5, "tipo": "carpeta", "ficha": 29, "aprendiz": 1, "url": null, "iden": "4_2", "lft": 6, "rght": 9, "tree_id": 4, "level": 1}}, {"model": "commons.t_documentfolderaprendiz", "pk": 38, "fields": {"name": "Cargar nuevo", "parent": 37, "tipo": "link", "ficha": 29, "aprendiz": 1, "url": "4_2/cargar_link_folders", "iden": null, "lft": 7, "rght": 8, "tree_id": 4, "level": 2}}, {"model": "commons.t_documentfolderaprendiz", "pk": 39, "fields": {"name": "EJECUCION ", "parent": 5, "tipo": "carpeta", "ficha": 29, "aprendiz": 1, "url": null, "iden": "4_3", "lft": 10, "rght": 13, "tree_id": 4, "level": 1}}, {"model": "commons.t_documentfolderaprendiz", "pk": 40, "fields": {"name": "Cargar nuevo", "parent": 39, "tipo": "link", "ficha": 29, "aprendiz": 1, "url": "4_3/cargar_link_folders", "iden": null, "lft": 11, "rght": 12, "tree_id": 4, "level": 2}}, {"model": "commons.t_documentfolderaprendiz", "pk": 41, "fields": {"name": "EVALUACION", "parent": 5, "tipo": "carpeta", "ficha": 29, "aprendiz": 1, "url": null, "iden": "4_4", "lft": 14, "rght": 17, "tree_id": 4, "level": 1}}, {"model": "commons.t_documentfolderaprendiz", "pk": 42, "fields": {"name": "Cargar nuevo", "parent": 41, "tipo": "link", "ficha": 29, "aprendiz": 1, "url": "4_4/cargar_link_folders", "iden": null, "lft": 15, "rght": 16, "tree_id": 4, "level": 2}}, {"model": "commons.t_documentfolderaprendiz", "pk": 43, "fields": {"name": "ANALISIS", "parent": 6, "tipo": "carpeta", "ficha": 29, "aprendiz": 1, "url": null, "iden": "5_1", "lft": 2, "rght": 5, "tree_id": 5, "level": 1}}, {"model": "commons.t_documentfolderaprendiz", "pk": 44, "fields": {"name": "Cargar nuevo", "parent": 43, "tipo": "link", "ficha": 29, "aprendiz": 1, "url": "5_1/cargar_link_folders", "iden": null, "lft": 3, "rght": 4, "tree_id": 5, "level": 2}}, {"model": "commons.t_documentfolderaprendiz", "pk": 45, "fields": {"name": "PLANEACION", "parent": 6, "tipo": "carpeta", "ficha": 29, "aprendiz": 1, "url": null, "iden": "5_2", "lft": 6, "rght": 9, "tree_id": 5, "level": 1}}, {"model": "commons.t_documentfolderaprendiz", "pk": 46, "fields": {"name": "Cargar nuevo", "parent": 45, "tipo": "link", "ficha": 29, "aprendiz": 1, "url": "5_2/cargar_link_folders", "iden": null, "lft": 7, "rght": 8, "tree_id": 5, "level": 2}}, {"model": "commons.t_documentfolderaprendiz", "pk": 47, "fields": {"name": "EJECUCION ", "parent": 6, "tipo": "carpeta", "ficha": 29, "aprendiz": 1, "url": null, "iden": "5_3", "lft": 10, "rght": 13, "tree_id": 5, "level": 1}}, {"model": "commons.t_documentfolderaprendiz", "pk": 48, "fields": {"name": "Cargar nuevo", "parent": 47, "tipo": "link", "ficha": 29, "aprendiz": 1, "url": "5_3/cargar_link_folders", "iden": null, "lft": 11, "rght": 12, "tree_id": 5, "level": 2}}, {"model": "commons.t_documentfolderaprendiz", "pk": 49, "fields": {"name": "EVALUACION", "parent": 6, "tipo": "carpeta", "ficha": 29, "aprendiz": 1, "url": null, "iden": "5_4", "lft": 14, "rght": 17, "tree_id": 5, "level": 1}}, {"model": "commons.t_documentfolderaprendiz", "pk": 50, "fields": {"name": "Cargar nuevo", "parent": 49, "tipo": "link", "ficha": 29, "aprendiz": 1, "url": "5_4/cargar_link_folders", "iden": null, "lft": 15, "rght": 16, "tree_id": 5, "level": 2}}, {"model": "commons.t_documentfolderaprendiz", "pk": 51, "fields": {"name": "ACTA PLAN DE MEJORAMIENTO", "parent": null, "tipo": "carpeta", "ficha": 29, "aprendiz": 2, "url": null, "iden": "1", "lft": 1, "rght": 18, "tree_id": 6, "level": 0}}, {"model": "commons.t_documentfolderaprendiz", "pk": 52, "fields": {"name": "PLANEACION SEGUIMIENTO Y EVALUACION ETAPA PRODUCTIVA", "parent": null, "tipo": "carpeta", "ficha": 29, "aprendiz": 2, "url": null, "iden": "2", "lft": 1, "rght": 4, "tree_id": 7, "level": 0}}, {"model": "commons.t_documentfolderaprendiz", "pk": 53, "fields": {"name": "Cargar nuevo", "parent": 52, "tipo": "link", "ficha": 29, "aprendiz": 2, "url": "2/cargar_link_folders", "iden": null, "lft": 2, "rght": 3, "tree_id": 7, "level": 1}}, {"model": "commons.t_documentfolderaprendiz", "pk": 54, "fields": {"name": "GUIA DE APENDIZAJE", "parent": null, "tipo": "carpeta", "ficha": 29, "aprendiz": 2, "url": null, "iden": "3", "lft": 1, "rght": 42, "tree_id": 8, "level": 0}}, {"model": "commons.t_documentfolderaprendiz", "pk": 55, "fields": {"name": "EVIDENCIAS", "parent": null, "tipo": "carpeta", "ficha": 29, "aprendiz": 2, "url": null, "iden": "4", "lft": 1, "rght": 18, "tree_id": 9, "level": 0}}, {"model": "commons.t_documentfolderaprendiz", "pk": 56, "fields": {"name": "PLAN DE TRABAJO CON SUS DESCRIPTORES", "parent": null, "tipo": "carpeta", "ficha": 29, "aprendiz": 2, "url": null, "iden": "5", "lft": 1, "rght": 18, "tree_id": 10, "level": 0}}, {"model": "commons.t_documentfolderaprendiz", "pk": 57, "fields": {"name": "ANALISIS", "parent": 51, "tipo": "carpeta", "ficha": 29, "aprendiz": 2, "url": null, "iden": "1_1", "lft": 2, "rght": 5, "tree_id": 6, "level": 1}}, {"model": "commons.t_documentfolderaprendiz", "pk": 58, "fields": {"name": "Cargar nuevo", "parent": 57, "tipo": "link", "ficha": 29, "aprendiz": 2, "url": "1_1/cargar_link_folders", "iden": null, "lft": 3, "rght": 4, "tree_id": 6, "level": 2}}, {"model": "commons.t_documentfolderaprendiz", "pk": 59, "fields": {"name": "PLANEACION", "parent": 51, "tipo": "carpeta", "ficha": 29, "aprendiz": 2, "url": null, "iden": "1_2", "lft": 6, "rght": 9, "tree_id": 6, "level": 1}}, {"model": "commons.t_documentfolderaprendiz", "pk": 60, "fields": {"name": "Cargar nuevo", "parent": 59, "tipo": "link", "ficha": 29, "aprendiz": 2, "url": "1_2/cargar_link_folders", "iden": null, "lft": 7, "rght": 8, "tree_id": 6, "level": 2}}, {"model": "commons.t_documentfolderaprendiz", "pk": 61, "fields": {"name": "EJECUCION ", "parent": 51, "tipo": "carpeta", "ficha": 29, "aprendiz": 2, "url": null, "iden": "1_3", "lft": 10, "rght": 13, "tree_id": 6, "level": 1}}, {"model": "commons.t_documentfolderaprendiz", "pk": 62, "fields": {"name": "Cargar nuevo", "parent": 61, "tipo": "link", "ficha": 29, "aprendiz": 2, "url": "1_3/cargar_link_folders", "iden": null, "lft": 11, "rght": 12, "tree_id": 6, "level": 2}}, {"model": "commons.t_documentfolderaprendiz", "pk": 63, "fields": {"name": "EVALUACION", "parent": 51, "tipo": "carpeta", "ficha": 29, "aprendiz": 2, "url": null, "iden": "1_4", "lft": 14, "rght": 17, "tree_id": 6, "level": 1}}, {"model": "commons.t_documentfolderaprendiz", "pk": 64, "fields": {"name": "Cargar nuevo", "parent": 63, "tipo": "link", "ficha": 29, "aprendiz": 2, "url": "1_4/cargar_link_folders", "iden": null, "lft": 15, "rght": 16, "tree_id": 6, "level": 2}}, {"model": "commons.t_documentfolderaprendiz", "pk": 65, "fields": {"name": "ANALISIS", "parent": 54, "tipo": "carpeta", "ficha": 29, "aprendiz": 2, "url": null, "iden": null, "lft": 2, "rght": 11, "tree_id": 8, "level": 1}}, {"model": "commons.t_documentfolderaprendiz", "pk": 66, "fields": {"name": "PLANEACION", "parent": 54, "tipo": "carpeta", "ficha": 29, "aprendiz": 2, "url": null, "iden": null, "lft": 12, "rght": 21, "tree_id": 8, "level": 1}}, {"model": "commons.t_documentfolderaprendiz", "pk": 67, "fields": {"name": "EJECUCION ", "parent": 54, "tipo": "carpeta", "ficha": 29, "aprendiz": 2, "url": null, "iden": null, "lft": 22, "rght": 31, "tree_id": 8, "level": 1}}, {"model": "commons.t_documentfolderaprendiz", "pk": 68, "fields": {"name": "EVALUACION", "parent": 54, "tipo": "carpeta", "ficha": 29, "aprendiz": 2, "url": null, "iden": null, "lft": 32, "rght": 41, "tree_id": 8, "level": 1}}, {"model": "commons.t_documentfolderaprendiz", "pk": 69, "fields": {"name": "GUIAS DE LA FASE", "parent": 65, "tipo": "carpeta", "ficha": 29, "aprendiz": 2, "url": null, "iden": "3_1_1", "lft": 3, "rght": 6, "tree_id": 8, "level": 2}}, {"model": "commons.t_documentfolderaprendiz", "pk": 70, "fields": {"name": "Cargar nuevo", "parent": 69, "tipo": "link", "ficha": 29, "aprendiz": 2, "url": "3_1_1/cargar_link_folders", "iden": null, "lft": 4, "rght": 5, "tree_id": 8, "level": 3}}, {"model": "commons.t_documentfolderaprendiz", "pk": 71, "fields": {"name": "INSTRUMENTOS DE EVALUACION", "parent": 65, "tipo": "carpeta", "ficha": 29, "aprendiz": 2, "url": null, "iden": "3_1_2", "lft": 7, "rght": 10, "tree_id": 8, "level": 2}}, {"model": "commons.t_documentfolderaprendiz", "pk": 72, "fields": {"name": "Cargar nuevo", "parent": 71, "tipo": "link", "ficha": 29, "aprendiz": 2, "url": "3_1_2/cargar_link_folders", "iden": null, "lft": 8, "rght": 9, "tree_id": 8, "level": 3}}, {"model": "commons.t_documentfolderaprendiz", "pk": 73, "fields": {"name": "GUIAS DE LA FASE", "parent": 66, "tipo": "carpeta", "ficha": 29, "aprendiz": 2, "url": null, "iden": "3_2_1", "lft": 13, "rght": 16, "tree_id": 8, "level": 2}}, {"model": "commons.t_documentfolderaprendiz", "pk": 74, "fields": {"name": "Cargar nuevo", "parent": 73, "tipo": "link", "ficha": 29, "aprendiz": 2, "url": "3_2_1/cargar_link_folders", "iden": null, "lft": 14, "rght": 15, "tree_id": 8, "level": 3}}, {"model": "commons.t_documentfolderaprendiz", "pk": 75, "fields": {"name": "INSTRUMENTOS DE EVALUACION", "parent": 66, "tipo": "carpeta", "ficha": 29, "aprendiz": 2, "url": null, "iden": "3_2_2", "lft": 17, "rght": 20, "tree_id": 8, "level": 2}}, {"model": "commons.t_documentfolderaprendiz", "pk": 76, "fields": {"name": "Cargar nuevo", "parent": 75, "tipo": "link", "ficha": 29, "aprendiz": 2, "url": "3_2_2/cargar_link_folders", "iden": null, "lft": 18, "rght": 19, "tree_id": 8, "level": 3}}, {"model": "commons.t_documentfolderaprendiz", "pk": 77, "fields": {"name": "GUIAS DE LA FASE", "parent": 67, "tipo": "carpeta", "ficha": 29, "aprendiz": 2, "url": null, "iden": "3_3_1", "lft": 23, "rght": 26, "tree_id": 8, "level": 2}}, {"model": "commons.t_documentfolderaprendiz", "pk": 78, "fields": {"name": "Cargar nuevo", "parent": 77, "tipo": "link", "ficha": 29, "aprendiz": 2, "url": "3_3_1/cargar_link_folders", "iden": null, "lft": 24, "rght": 25, "tree_id": 8, "level": 3}}, {"model": "commons.t_documentfolderaprendiz", "pk": 79, "fields": {"name": "INSTRUMENTOS DE EVALUACION", "parent": 67, "tipo": "carpeta", "ficha": 29, "aprendiz": 2, "url": null, "iden": "3_3_2", "lft": 27, "rght": 30, "tree_id": 8, "level": 2}}, {"model": "commons.t_documentfolderaprendiz", "pk": 80, "fields": {"name": "Cargar nuevo", "parent": 79, "tipo": "link", "ficha": 29, "aprendiz": 2, "url": "3_3_2/cargar_link_folders", "iden": null, "lft": 28, "rght": 29, "tree_id": 8, "level": 3}}, {"model": "commons.t_documentfolderaprendiz", "pk": 81, "fields": {"name": "GUIAS DE LA FASE", "parent": 68, "tipo": "carpeta", "ficha": 29, "aprendiz": 2, "url": null, "iden": "3_4_1", "lft": 33, "rght": 36, "tree_id": 8, "level": 2}}, {"model": "commons.t_documentfolderaprendiz", "pk": 82, "fields": {"name": "Cargar nuevo", "parent": 81, "tipo": "link", "ficha": 29, "aprendiz": 2, "url": "3_4_1/cargar_link_folders", "iden": null, "lft": 34, "rght": 35, "tree_id": 8, "level": 3}}, {"model": "commons.t_documentfolderaprendiz", "pk": 83, "fields": {"name": "INSTRUMENTOS DE EVALUACION", "parent": 68, "tipo": "carpeta", "ficha": 29, "aprendiz": 2, "url": null, "iden": "3_4_2", "lft": 37, "rght": 40, "tree_id": 8, "level": 2}}, {"model": "commons.t_documentfolderaprendiz", "pk": 84, "fields": {"name": "Cargar nuevo", "parent": 83, "tipo": "link", "ficha": 29, "aprendiz": 2, "url": "3_4_2/cargar_link_folders", "iden": null, "lft": 38, "rght": 39, "tree_id": 8, "level": 3}}, {"model": "commons.t_documentfolderaprendiz", "pk": 85, "fields": {"name": "ANALISIS", "parent": 55, "tipo": "carpeta", "ficha": 29, "aprendiz": 2, "url": null, "iden": "4_1", "lft": 2, "rght": 5, "tree_id": 9, "level": 1}}, {"model": "commons.t_documentfolderaprendiz", "pk": 86, "fields": {"name": "Cargar nuevo", "parent": 85, "tipo": "link", "ficha": 29, "aprendiz": 2, "url": "4_1/cargar_link_folders", "iden": null, "lft": 3, "rght": 4, "tree_id": 9, "level": 2}}, {"model": "commons.t_documentfolderaprendiz", "pk": 87, "fields": {"name": "PLANEACION", "parent": 55, "tipo": "carpeta", "ficha": 29, "aprendiz": 2, "url": null, "iden": "4_2", "lft": 6, "rght": 9, "tree_id": 9, "level": 1}}, {"model": "commons.t_documentfolderaprendiz", "pk": 88, "fields": {"name": "Cargar nuevo", "parent": 87, "tipo": "link", "ficha": 29, "aprendiz": 2, "url": "4_2/cargar_link_folders", "iden": null, "lft": 7, "rght": 8, "tree_id": 9, "level": 2}}, {"model": "commons.t_documentfolderaprendiz", "pk": 89, "fields": {"name": "EJECUCION ", "parent": 55, "tipo": "carpeta", "ficha": 29, "aprendiz": 2, "url": null, "iden": "4_3", "lft": 10, "rght": 13, "tree_id": 9, "level": 1}}, {"model": "commons.t_documentfolderaprendiz", "pk": 90, "fields": {"name": "Cargar nuevo", "parent": 89, "tipo": "link", "ficha": 29, "aprendiz": 2, "url": "4_3/cargar_link_folders", "iden": null, "lft": 11, "rght": 12, "tree_id": 9, "level": 2}}, {"model": "commons.t_documentfolderaprendiz", "pk": 91, "fields": {"name": "EVALUACION", "parent": 55, "tipo": "carpeta", "ficha": 29, "aprendiz": 2, "url": null, "iden": "4_4", "lft": 14, "rght": 17, "tree_id": 9, "level": 1}}, {"model": "commons.t_documentfolderaprendiz", "pk": 92, "fields": {"name": "Cargar nuevo", "parent": 91, "tipo": "link", "ficha": 29, "aprendiz": 2, "url": "4_4/cargar_link_folders", "iden": null, "lft": 15, "rght": 16, "tree_id": 9, "level": 2}}, {"model": "commons.t_documentfolderaprendiz", "pk": 93, "fields": {"name": "ANALISIS", "parent": 56, "tipo": "carpeta", "ficha": 29, "aprendiz": 2, "url": null, "iden": "5_1", "lft": 2, "rght": 5, "tree_id": 10, "level": 1}}, {"model": "commons.t_documentfolderaprendiz", "pk": 94, "fields": {"name": "Cargar nuevo", "parent": 93, "tipo": "link", "ficha": 29, "aprendiz": 2, "url": "5_1/cargar_link_folders", "iden": null, "lft": 3, "rght": 4, "tree_id": 10, "level": 2}}, {"model": "commons.t_documentfolderaprendiz", "pk": 95, "fields": {"name": "PLANEACION", "parent": 56, "tipo": "carpeta", "ficha": 29, "aprendiz": 2, "url": null, "iden": "5_2", "lft": 6, "rght": 9, "tree_id": 10, "level": 1}}, {"model": "commons.t_documentfolderaprendiz", "pk": 96, "fields": {"name": "Cargar nuevo", "parent": 95, "tipo": "link", "ficha": 29, "aprendiz": 2, "url": "5_2/cargar_link_folders", "iden": null, "lft": 7, "rght": 8, "tree_id": 10, "level": 2}}, {"model": "commons.t_documentfolderaprendiz", "pk": 97, "fields": {"name": "EJECUCION ", "parent": 56, "tipo": "carpeta", "ficha": 29, "aprendiz": 2, "url": null, "iden": "5_3", "lft": 10, "rght": 13, "tree_id": 10, "level": 1}}, {"model": "commons.t_documentfolderaprendiz", "pk": 98, "fields": {"name": "Cargar nuevo", "parent": 97, "tipo": "link", "ficha": 29, "aprendiz": 2, "url": "5_3/cargar_link_folders", "iden": null, "lft": 11, "rght": 12, "tree_id": 10, "level": 2}}, {"model": "commons.t_documentfolderaprendiz", "pk": 99, "fields": {"name": "EVALUACION", "parent": 56, "tipo": "carpeta", "ficha": 29, "aprendiz": 2, "url": null, "iden": "5_4", "lft": 14, "rght": 17, "tree_id": 10, "level": 1}}, {"model": "commons.t_documentfolderaprendiz", "pk": 100, "fields": {"name": "Cargar nuevo", "parent": 99, "tipo": "link", "ficha": 29, "aprendiz": 2, "url": "5_4/cargar_link_folders", "iden": null, "lft": 15, "rght": 16, "tree_id": 10, "level": 2}}, {"model": "commons.t_documentfolderaprendiz", "pk": 101, "fields": {"name": "ACTA PLAN DE MEJORAMIENTO", "parent": null, "tipo": "carpeta", "ficha": 30, "aprendiz": 4, "url": null, "iden": "1", "lft": 1, "rght": 18, "tree_id": 11, "level": 0}}, {"model": "commons.t_documentfolderaprendiz", "pk": 102, "fields": {"name": "PLANEACION SEGUIMIENTO Y EVALUACION ETAPA PRODUCTIVA", "parent": null, "tipo": "carpeta", "ficha": 30, "aprendiz": 4, "url": null, "iden": "2", "lft": 1, "rght": 4, "tree_id": 12, "level": 0}}, {"model": "commons.t_documentfolderaprendiz", "pk": 103, "fields": {"name": "Cargar nuevo", "parent": 102, "tipo": "link", "ficha": 30, "aprendiz": 4, "url": "2/cargar_link_folders", "iden": null, "lft": 2, "rght": 3, "tree_id": 12, "level": 1}}, {"model": "commons.t_documentfolderaprendiz", "pk": 104, "fields": {"name": "GUIA DE APENDIZAJE", "parent": null, "tipo": "carpeta", "ficha": 30, "aprendiz": 4, "url": null, "iden": "3", "lft": 1, "rght": 42, "tree_id": 13, "level": 0}}, {"model": "commons.t_documentfolderaprendiz", "pk": 105, "fields": {"name": "EVIDENCIAS", "parent": null, "tipo": "carpeta", "ficha": 30, "aprendiz": 4, "url": null, "iden": "4", "lft": 1, "rght": 18, "tree_id": 14, "level": 0}}, {"model": "commons.t_documentfolderaprendiz", "pk": 106, "fields": {"name": "PLAN DE TRABAJO CON SUS DESCRIPTORES", "parent": null, "tipo": "carpeta", "ficha": 30, "aprendiz": 4, "url": null, "iden": "5", "lft": 1, "rght": 18, "tree_id": 15, "level": 0}}, {"model": "commons.t_documentfolderaprendiz", "pk": 107, "fields": {"name": "ANALISIS", "parent": 101, "tipo": "carpeta", "ficha": 30, "aprendiz": 4, "url": null, "iden": "1_1", "lft": 2, "rght": 5, "tree_id": 11, "level": 1}}, {"model": "commons.t_documentfolderaprendiz", "pk": 108, "fields": {"name": "Cargar nuevo", "parent": 107, "tipo": "link", "ficha": 30, "aprendiz": 4, "url": "1_1/cargar_link_folders", "iden": null, "lft": 3, "rght": 4, "tree_id": 11, "level": 2}}, {"model": "commons.t_documentfolderaprendiz", "pk": 109, "fields": {"name": "PLANEACION", "parent": 101, "tipo": "carpeta", "ficha": 30, "aprendiz": 4, "url": null, "iden": "1_2", "lft": 6, "rght": 9, "tree_id": 11, "level": 1}}, {"model": "commons.t_documentfolderaprendiz", "pk": 110, "fields": {"name": "Cargar nuevo", "parent": 109, "tipo": "link", "ficha": 30, "aprendiz": 4, "url": "1_2/cargar_link_folders", "iden": null, "lft": 7, "rght": 8, "tree_id": 11, "level": 2}}, {"model": "commons.t_documentfolderaprendiz", "pk": 111, "fields": {"name": "EJECUCION ", "parent": 101, "tipo": "carpeta", "ficha": 30, "aprendiz": 4, "url": null, "iden": "1_3", "lft": 10, "rght": 13, "tree_id": 11, "level": 1}}, {"model": "commons.t_documentfolderaprendiz", "pk": 112, "fields": {"name": "Cargar nuevo", "parent": 111, "tipo": "link", "ficha": 30, "aprendiz": 4, "url": "1_3/cargar_link_folders", "iden": null, "lft": 11, "rght": 12, "tree_id": 11, "level": 2}}, {"model": "commons.t_documentfolderaprendiz", "pk": 113, "fields": {"name": "EVALUACION", "parent": 101, "tipo": "carpeta", "ficha": 30, "aprendiz": 4, "url": null, "iden": "1_4", "lft": 14, "rght": 17, "tree_id": 11, "level": 1}}, {"model": "commons.t_documentfolderaprendiz", "pk": 114, "fields": {"name": "Cargar nuevo", "parent": 113, "tipo": "link", "ficha": 30, "aprendiz": 4, "url": "1_4/cargar_link_folders", "iden": null, "lft": 15, "rght": 16, "tree_id": 11, "level": 2}}, {"model": "commons.t_documentfolderaprendiz", "pk": 115, "fields": {"name": "ANALISIS", "parent": 104, "tipo": "carpeta", "ficha": 30, "aprendiz": 4, "url": null, "iden": null, "lft": 2, "rght": 11, "tree_id": 13, "level": 1}}, {"model": "commons.t_documentfolderaprendiz", "pk": 116, "fields": {"name": "PLANEACION", "parent": 104, "tipo": "carpeta", "ficha": 30, "aprendiz": 4, "url": null, "iden": null, "lft": 12, "rght": 21, "tree_id": 13, "level": 1}}, {"model": "commons.t_documentfolderaprendiz", "pk": 117, "fields": {"name": "EJECUCION ", "parent": 104, "tipo": "carpeta", "ficha": 30, "aprendiz": 4, "url": null, "iden": null, "lft": 22, "rght": 31, "tree_id": 13, "level": 1}}, {"model": "commons.t_documentfolderaprendiz", "pk": 118, "fields": {"name": "EVALUACION", "parent": 104, "tipo": "carpeta", "ficha": 30, "aprendiz": 4, "url": null, "iden": null, "lft": 32, "rght": 41, "tree_id": 13, "level": 1}}, {"model": "commons.t_documentfolderaprendiz", "pk": 119, "fields": {"name": "GUIAS DE LA FASE", "parent": 115, "tipo": "carpeta", "ficha": 30, "aprendiz": 4, "url": null, "iden": "3_1_1", "lft": 3, "rght": 6, "tree_id": 13, "level": 2}}, {"model": "commons.t_documentfolderaprendiz", "pk": 120, "fields": {"name": "Cargar nuevo", "parent": 119, "tipo": "link", "ficha": 30, "aprendiz": 4, "url": "3_1_1/cargar_link_folders", "iden": null, "lft": 4, "rght": 5, "tree_id": 13, "level": 3}}, {"model": "commons.t_documentfolderaprendiz", "pk": 121, "fields": {"name": "INSTRUMENTOS DE EVALUACION", "parent": 115, "tipo": "carpeta", "ficha": 30, "aprendiz": 4, "url": null, "iden": "3_1_2", "lft": 7, "rght": 10, "tree_id": 13, "level": 2}}, {"model": "commons.t_documentfolderaprendiz", "pk": 122, "fields": {"name": "Cargar nuevo", "parent": 121, "tipo": "link", "ficha": 30, "aprendiz": 4, "url": "3_1_2/cargar_link_folders", "iden": null, "lft": 8, "rght": 9, "tree_id": 13, "level": 3}}, {"model": "commons.t_documentfolderaprendiz", "pk": 123, "fields": {"name": "GUIAS DE LA FASE", "parent": 116, "tipo": "carpeta", "ficha": 30, "aprendiz": 4, "url": null, "iden": "3_2_1", "lft": 13, "rght": 16, "tree_id": 13, "level": 2}}, {"model": "commons.t_documentfolderaprendiz", "pk": 124, "fields": {"name": "Cargar nuevo", "parent": 123, "tipo": "link", "ficha": 30, "aprendiz": 4, "url": "3_2_1/cargar_link_folders", "iden": null, "lft": 14, "rght": 15, "tree_id": 13, "level": 3}}, {"model": "commons.t_documentfolderaprendiz", "pk": 125, "fields": {"name": "INSTRUMENTOS DE EVALUACION", "parent": 116, "tipo": "carpeta", "ficha": 30, "aprendiz": 4, "url": null, "iden": "3_2_2", "lft": 17, "rght": 20, "tree_id": 13, "level": 2}}, {"model": "commons.t_documentfolderaprendiz", "pk": 126, "fields": {"name": "Cargar nuevo", "parent": 125, "tipo": "link", "ficha": 30, "aprendiz": 4, "url": "3_2_2/cargar_link_folders", "iden": null, "lft": 18, "rght": 19, "tree_id": 13, "level": 3}}, {"model": "commons.t_documentfolderaprendiz", "pk": 127, "fields": {"name": "GUIAS DE LA FASE", "parent": 117, "tipo": "carpeta", "ficha": 30, "aprendiz": 4, "url": null, "iden": "3_3_1", "lft": 23, "rght": 26, "tree_id": 13, "level": 2}}, {"model": "commons.t_documentfolderaprendiz", "pk": 128, "fields": {"name": "Cargar nuevo", "parent": 127, "tipo": "link", "ficha": 30, "aprendiz": 4, "url": "3_3_1/cargar_link_folders", "iden": null, "lft": 24, "rght": 25, "tree_id": 13, "level": 3}}, {"model": "commons.t_documentfolderaprendiz", "pk": 129, "fields": {"name": "INSTRUMENTOS DE EVALUACION", "parent": 117, "tipo": "carpeta", "ficha": 30, "aprendiz": 4, "url": null, "iden": "3_3_2", "lft": 27, "rght": 30, "tree_id": 13, "level": 2}}, {"model": "commons.t_documentfolderaprendiz", "pk": 130, "fields": {"name": "Cargar nuevo", "parent": 129, "tipo": "link", "ficha": 30, "aprendiz": 4, "url": "3_3_2/cargar_link_folders", "iden": null, "lft": 28, "rght": 29, "tree_id": 13, "level": 3}}, {"model": "commons.t_documentfolderaprendiz", "pk": 131, "fields": {"name": "GUIAS DE LA FASE", "parent": 118, "tipo": "carpeta", "ficha": 30, "aprendiz": 4, "url": null, "iden": "3_4_1", "lft": 33, "rght": 36, "tree_id": 13, "level": 2}}, {"model": "commons.t_documentfolderaprendiz", "pk": 132, "fields": {"name": "Cargar nuevo", "parent": 131, "tipo": "link", "ficha": 30, "aprendiz": 4, "url": "3_4_1/cargar_link_folders", "iden": null, "lft": 34, "rght": 35, "tree_id": 13, "level": 3}}, {"model": "commons.t_documentfolderaprendiz", "pk": 133, "fields": {"name": "INSTRUMENTOS DE EVALUACION", "parent": 118, "tipo": "carpeta", "ficha": 30, "aprendiz": 4, "url": null, "iden": "3_4_2", "lft": 37, "rght": 40, "tree_id": 13, "level": 2}}, {"model": "commons.t_documentfolderaprendiz", "pk": 134, "fields": {"name": "Cargar nuevo", "parent": 133, "tipo": "link", "ficha": 30, "aprendiz": 4, "url": "3_4_2/cargar_link_folders", "iden": null, "lft": 38, "rght": 39, "tree_id": 13, "level": 3}}, {"model": "commons.t_documentfolderaprendiz", "pk": 135, "fields": {"name": "ANALISIS", "parent": 105, "tipo": "carpeta", "ficha": 30, "aprendiz": 4, "url": null, "iden": "4_1", "lft": 2, "rght": 5, "tree_id": 14, "level": 1}}, {"model": "commons.t_documentfolderaprendiz", "pk": 136, "fields": {"name": "Cargar nuevo", "parent": 135, "tipo": "link", "ficha": 30, "aprendiz": 4, "url": "4_1/cargar_link_folders", "iden": null, "lft": 3, "rght": 4, "tree_id": 14, "level": 2}}, {"model": "commons.t_documentfolderaprendiz", "pk": 137, "fields": {"name": "PLANEACION", "parent": 105, "tipo": "carpeta", "ficha": 30, "aprendiz": 4, "url": null, "iden": "4_2", "lft": 6, "rght": 9, "tree_id": 14, "level": 1}}, {"model": "commons.t_documentfolderaprendiz", "pk": 138, "fields": {"name": "Cargar nuevo", "parent": 137, "tipo": "link", "ficha": 30, "aprendiz": 4, "url": "4_2/cargar_link_folders", "iden": null, "lft": 7, "rght": 8, "tree_id": 14, "level": 2}}, {"model": "commons.t_documentfolderaprendiz", "pk": 139, "fields": {"name": "EJECUCION ", "parent": 105, "tipo": "carpeta", "ficha": 30, "aprendiz": 4, "url": null, "iden": "4_3", "lft": 10, "rght": 13, "tree_id": 14, "level": 1}}, {"model": "commons.t_documentfolderaprendiz", "pk": 140, "fields": {"name": "Cargar nuevo", "parent": 139, "tipo": "link", "ficha": 30, "aprendiz": 4, "url": "4_3/cargar_link_folders", "iden": null, "lft": 11, "rght": 12, "tree_id": 14, "level": 2}}, {"model": "commons.t_documentfolderaprendiz", "pk": 141, "fields": {"name": "EVALUACION", "parent": 105, "tipo": "carpeta", "ficha": 30, "aprendiz": 4, "url": null, "iden": "4_4", "lft": 14, "rght": 17, "tree_id": 14, "level": 1}}, {"model": "commons.t_documentfolderaprendiz", "pk": 142, "fields": {"name": "Cargar nuevo", "parent": 141, "tipo": "link", "ficha": 30, "aprendiz": 4, "url": "4_4/cargar_link_folders", "iden": null, "lft": 15, "rght": 16, "tree_id": 14, "level": 2}}, {"model": "commons.t_documentfolderaprendiz", "pk": 143, "fields": {"name": "ANALISIS", "parent": 106, "tipo": "carpeta", "ficha": 30, "aprendiz": 4, "url": null, "iden": "5_1", "lft": 2, "rght": 5, "tree_id": 15, "level": 1}}, {"model": "commons.t_documentfolderaprendiz", "pk": 144, "fields": {"name": "Cargar nuevo", "parent": 143, "tipo": "link", "ficha": 30, "aprendiz": 4, "url": "5_1/cargar_link_folders", "iden": null, "lft": 3, "rght": 4, "tree_id": 15, "level": 2}}, {"model": "commons.t_documentfolderaprendiz", "pk": 145, "fields": {"name": "PLANEACION", "parent": 106, "tipo": "carpeta", "ficha": 30, "aprendiz": 4, "url": null, "iden": "5_2", "lft": 6, "rght": 9, "tree_id": 15, "level": 1}}, {"model": "commons.t_documentfolderaprendiz", "pk": 146, "fields": {"name": "Cargar nuevo", "parent": 145, "tipo": "link", "ficha": 30, "aprendiz": 4, "url": "5_2/cargar_link_folders", "iden": null, "lft": 7, "rght": 8, "tree_id": 15, "level": 2}}, {"model": "commons.t_documentfolderaprendiz", "pk": 147, "fields": {"name": "EJECUCION ", "parent": 106, "tipo": "carpeta", "ficha": 30, "aprendiz": 4, "url": null, "iden": "5_3", "lft": 10, "rght": 13, "tree_id": 15, "level": 1}}, {"model": "commons.t_documentfolderaprendiz", "pk": 148, "fields": {"name": "Cargar nuevo", "parent": 147, "tipo": "link", "ficha": 30, "aprendiz": 4, "url": "5_3/cargar_link_folders", "iden": null, "lft": 11, "rght": 12, "tree_id": 15, "level": 2}}, {"model": "commons.t_documentfolderaprendiz", "pk": 149, "fields": {"name": "EVALUACION", "parent": 106, "tipo": "carpeta", "ficha": 30, "aprendiz": 4, "url": null, "iden": "5_4", "lft": 14, "rght": 17, "tree_id": 15, "level": 1}}, {"model": "commons.t_documentfolderaprendiz", "pk": 150, "fields": {"name": "Cargar nuevo", "parent": 149, "tipo": "link", "ficha": 30, "aprendiz": 4, "url": "5_4/cargar_link_folders", "iden": null, "lft": 15, "rght": 16, "tree_id": 15, "level": 2}}]